"name","cueType","ROW_ID","zSound","cueTypeC"
"TYS_104","label",15,-0.286928531196363,-0.5
"TYS_104","label",16,0.323714240324102,-0.5
"TYS_104","label",17,0.458257971458807,-0.5
"TYS_104","label",18,0.181077653181295,-0.5
"TYS_104","label",23,-0.247840858923645,-0.5
"TYS_104","label",24,-0.601742218450979,-0.5
"TYS_104","label",25,-1.36010227458098,-0.5
"TYS_104","label",31,-0.847327509791658,-0.5
"TYS_104","label",32,-0.364810740186289,-0.5
"TYS_104","label",33,-0.922160482137563,-0.5
"TYS_104","label",34,-0.324276213498923,-0.5
"TYS_104","label",39,0.642918680574776,-0.5
"TYS_104","label",40,-0.476745403064361,-0.5
"TYS_104","label",41,-0.207221723491043,-0.5
"TYS_104","label",42,0.759812986133826,-0.5
"TYS_104","label",49,0.0907973339044482,-0.5
"TYS_104","label",50,-0.19738550848793,-0.5
"TYS_104","label",55,-0.564318701912201,-0.5
"TYS_104","label",56,-0.322614139931658,-0.5
"TYS_104","label",57,0.311484328111171,-0.5
"TYS_104","label",58,-0.11695215173729,-0.5
"TYS_104","label",63,-0.0985858236958211,-0.5
"TYS_104","label",64,-0.406625030395221,-0.5
"TYS_104","label",65,0.648276477030096,-0.5
"TYS_104","label",66,1.44293796500247,-0.5
"TYS_104","label",71,0.0542105507375368,-0.5
"TYS_104","label",72,0.269458325724814,-0.5
"TYS_104","label",73,-0.297839143463878,-0.5
"TYS_104","label",74,-0.290185889242108,-0.5
"TYS_104","label",79,-0.255239425625031,-0.5
"TYS_104","label",80,1.27619712812515,-0.5
"TYS_104","label",87,-0.226514932567195,-0.5
"TYS_104","label",88,-0.308307094988346,-0.5
"TYS_104","label",89,0.51384515831391,-0.5
"TYS_104","label",90,0.468013343164127,-0.5
"TYS_104","label",95,0.199831290661609,-0.5
"TYS_104","label",96,0.910446300911537,-0.5
"TYS_104","label",97,0.0526035640526668,-0.5
"TYS_104","label",98,-0.461292792461845,-0.5
"TYS_104","label",103,-0.423142929869638,-0.5
"TYS_104","label",104,-0.725387879776522,-0.5
"TYS_104","label",105,-0.319036336012823,-0.5
"TYS_104","label",106,0.423142929869637,-0.5
"TYS_104","label",111,0.912026850465722,-0.5
"TYS_104","label",112,0.0833209715240291,-0.5
"TYS_104","label",113,0.122870284021077,-0.5
"TYS_104","label",114,0.97282864049677,-0.5
"TYS_104","label",119,-0.182504099610576,-0.5
"TYS_104","label",120,-0.104288056920329,-0.5
"TYS_104","label",121,-0.0347626856401095,-0.5
"TYS_104","label",122,-0.322796366658161,-0.5
"TYS_104","label",127,0.967188991590859,-0.5
"TYS_104","label",128,-0.201940558683806,-0.5
"TYS_104","label",129,-0.556627133935963,-0.5
"TYS_104","label",130,0.71058783055655,-0.5
"TYS_104","label",135,-0.160981197097211,-0.5
"TYS_104","label",136,-1.10210204166552,-0.5
"TYS_104","label",137,0.0866821830523439,-0.5
"TYS_104","label",138,0.258395459956035,-0.5
"TYS_104","label",143,0.288587593000494,-0.5
"TYS_104","label",144,-0.815573632392701,-0.5
"TYS_104","label",145,0.167297155362605,-0.5
"TYS_104","label",152,0.679226312182077,-0.5
"TYS_104","label",153,0.772158684874997,-0.5
"TYS_104","label",154,-1.28510893807219,-0.5
"TYS_104","label",159,-0.510478851250062,-0.5
"TYS_104","label",160,-0.425399042708385,-0.5
"TYS_104","label",161,-0.414349716923751,-0.5
"TYS_104","label",162,0.31256592763707,-0.5
"TYS_104","label",167,0.164818258327103,-0.5
"TYS_104","label",168,-0.0743298027749683,-0.5
"TYS_104","label",169,0.358722091653107,-0.5
"TYS_104","label",170,0.901652824965917,-0.5
"TYS_104","sound",11,-0.0815066212244613,0.5
"TYS_104","sound",12,-0.489906819061922,0.5
"TYS_104","sound",13,-0.206367828206615,0.5
"TYS_104","sound",19,0.166234722448786,0.5
"TYS_104","sound",20,-0.0906734849720654,0.5
"TYS_104","sound",21,0.56327467937192,0.5
"TYS_104","sound",22,-0.177988692722943,0.5
"TYS_104","sound",27,0.917093666301643,0.5
"TYS_104","sound",28,-0.0729621480372576,0.5
"TYS_104","sound",29,0.387841721258656,0.5
"TYS_104","sound",30,0.74988874371626,0.5
"TYS_104","sound",35,0.0974119212992087,0.5
"TYS_104","sound",36,0.238372701532181,0.5
"TYS_104","sound",37,-0.426091203988773,0.5
"TYS_104","sound",38,-0.134084644611851,0.5
"TYS_104","sound",43,0.248705740694792,0.5
"TYS_104","sound",44,-0.233379336506318,0.5
"TYS_104","sound",45,0.45398666952224,0.5
"TYS_104","sound",46,-1.36196000856672,0.5
"TYS_104","sound",51,-0.160981197097211,0.5
"TYS_104","sound",52,0.804905985486054,0.5
"TYS_104","sound",53,0.433410915261721,0.5
"TYS_104","sound",54,-0.157885404845342,0.5
"TYS_104","sound",59,0.198665371993094,0.5
"TYS_104","sound",60,0.475004423261683,0.5
"TYS_104","sound",61,1.44293796500247,0.5
"TYS_104","sound",62,-0.48097932166749,0.5
"TYS_104","sound",67,0.513405804043729,0.5
"TYS_104","sound",68,-0.548483219226841,0.5
"TYS_104","sound",69,0.296563601093583,0.5
"TYS_104","sound",70,-0.290185889242108,0.5
"TYS_104","sound",75,-0.220434049403436,0.5
"TYS_104","sound",76,-0.478837600139521,0.5
"TYS_104","sound",77,-0.0819859973219797,0.5
"TYS_104","sound",83,-0.407198049984608,0.5
"TYS_104","sound",84,-0.266617770823255,0.5
"TYS_104","sound",85,-0.436283624983509,0.5
"TYS_104","sound",86,0.785310524970315,0.5
"TYS_104","sound",91,-0.385146374567426,0.5
"TYS_104","sound",92,0.372849437516153,0.5
"TYS_104","sound",93,0.180571849680788,0.5
"TYS_104","sound",94,-0.226310937655153,0.5
"TYS_104","sound",99,-0.294688826159212,0.5
"TYS_104","sound",100,-0.0522059458930077,0.5
"TYS_104","sound",101,0.767702172763485,0.5
"TYS_104","sound",107,0.226559050949025,0.5
"TYS_104","sound",108,-0.800556902075467,0.5
"TYS_104","sound",109,-0.501051788218822,0.5
"TYS_104","sound",110,0.74988874371626,0.5
"TYS_104","sound",115,0.690287614853607,0.5
"TYS_104","sound",116,0.542723561524162,0.5
"TYS_104","sound",117,0.491643696910123,0.5
"TYS_104","sound",118,0.372457346144033,0.5
"TYS_104","sound",123,0.385559693246424,0.5
"TYS_104","sound",124,-0.488529133507628,0.5
"TYS_104","sound",125,0.0789542033951724,0.5
"TYS_104","sound",126,0.527301286960614,0.5
"TYS_104","sound",131,-1.10210204166552,0.5
"TYS_104","sound",133,0.0536603990324033,0.5
"TYS_104","sound",134,-0.278058431349728,0.5
"TYS_104","sound",140,1.04560722101628,0.5
"TYS_104","sound",141,-0.313682166304885,0.5
"TYS_104","sound",142,-0.289782572681655,0.5
"TYS_104","sound",147,0.0522481778601599,0.5
"TYS_104","sound",148,0.0967286297473694,0.5
"TYS_104","sound",149,-0.13712080480671,0.5
"TYS_104","sound",150,-0.302941312945057,0.5
"TYS_104","sound",155,-0.171706522693203,0.5
"TYS_104","sound",156,-1.13697562323877,0.5
"TYS_104","sound",158,-0.255239425625031,0.5
"TYS_104","sound",163,0.164818258327103,0.5
"TYS_104","sound",164,0.901652824965917,0.5
"TYS_104","sound",165,0.54486977164607,0.5
"TYS_104","sound",166,0.785310524970315,0.5
"TYS_120","label",15,-0.618344779369085,-0.5
"TYS_120","label",16,0.861889164862922,-0.5
"TYS_120","label",17,-0.352039236352461,-0.5
"TYS_120","label",18,-0.877496815735691,-0.5
"TYS_120","label",23,0.70423073328304,-0.5
"TYS_120","label",24,0.312319781570447,-0.5
"TYS_120","label",25,0.654864058131582,-0.5
"TYS_120","label",26,-0.510038352967867,-0.5
"TYS_120","label",31,-0.87004466211095,-0.5
"TYS_120","label",32,0.386525665197378,-0.5
"TYS_120","label",33,0.233073528452351,-0.5
"TYS_120","label",34,-0.328217070260195,-0.5
"TYS_120","label",39,-0.201519027282139,-0.5
"TYS_120","label",40,-0.683193189212768,-0.5
"TYS_120","label",41,-0.690810362006089,-0.5
"TYS_120","label",42,-0.342660758452509,-0.5
"TYS_120","label",47,-0.128881126130354,-0.5
"TYS_120","label",48,-0.532940872917412,-0.5
"TYS_120","label",49,0.53952038986701,-0.5
"TYS_120","label",50,0.372954723932458,-0.5
"TYS_120","label",55,0.123006145474279,-0.5
"TYS_120","label",56,-0.27862130266825,-0.5
"TYS_120","label",57,0.631541619381365,-0.5
"TYS_120","label",58,-0.160981197097211,-0.5
"TYS_120","label",63,-0.559707394779305,-0.5
"TYS_120","label",64,0.110995228077113,-0.5
"TYS_120","label",65,-0.592510758575894,-0.5
"TYS_120","label",66,-0.447519890594969,-0.5
"TYS_120","label",71,-0.344564274502051,-0.5
"TYS_120","label",72,-0.918558341134792,-0.5
"TYS_120","label",73,-0.495973391649698,-0.5
"TYS_120","label",74,-0.227389957166047,-0.5
"TYS_120","label",79,-0.791822309041289,-0.5
"TYS_120","label",80,-0.255239425625031,-0.5
"TYS_120","label",81,0.482390302018599,-0.5
"TYS_120","label",82,0.66362250662508,-0.5
"TYS_120","label",87,0.378112474985707,-0.5
"TYS_120","label",88,0.436283624983508,-0.5
"TYS_120","label",89,0.785310524970315,-0.5
"TYS_120","label",90,-0.255306713879238,-0.5
"TYS_120","label",95,-0.752635608753537,-0.5
"TYS_120","label",96,0.0579988013914018,-0.5
"TYS_120","label",97,-0.685512508921628,-0.5
"TYS_120","label",98,-0.0319454842425098,-0.5
"TYS_120","label",103,-0.541293228469602,-0.5
"TYS_120","label",104,-0.480844238488225,-0.5
"TYS_120","label",105,-0.997408334692718,-0.5
"TYS_120","label",106,0.250431529922846,-0.5
"TYS_120","label",111,0.914160246607162,-0.5
"TYS_120","label",112,-0.438084692274988,-0.5
"TYS_120","label",113,-0.0557349741951273,-0.5
"TYS_120","label",114,-0.124270325238896,-0.5
"TYS_120","label",119,-0.588482606907571,-0.5
"TYS_120","label",120,0.440563832296084,-0.5
"TYS_120","label",121,-0.137809218073292,-0.5
"TYS_120","label",122,-0.223474407686419,-0.5
"TYS_120","label",127,-0.138169855941551,-0.5
"TYS_120","label",128,-0.0592156525463789,-0.5
"TYS_120","label",129,-1.20869596668197,-0.5
"TYS_120","label",130,-0.195192336171398,-0.5
"TYS_120","label",135,0.839578858706991,-0.5
"TYS_120","label",136,-0.385335082644455,-0.5
"TYS_120","label",137,-0.321962394194422,-0.5
"TYS_120","label",138,-0.160981197097211,-0.5
"TYS_120","label",143,-0.141737867737763,-0.5
"TYS_120","label",144,0.302275542075616,-0.5
"TYS_120","label",145,1.16246920454163,-0.5
"TYS_120","label",146,-0.48097932166749,-0.5
"TYS_120","label",151,-0.602203176745033,-0.5
"TYS_120","label",152,-0.491953500543313,-0.5
"TYS_120","label",153,-0.739814574771088,-0.5
"TYS_120","label",154,-1.28510893807219,-0.5
"TYS_120","label",159,-0.384148226445753,-0.5
"TYS_120","label",160,0.13922150488638,-0.5
"TYS_120","label",161,-0.816344278651958,-0.5
"TYS_120","label",162,0.829974356053422,-0.5
"TYS_120","label",167,-0.198751429159154,-0.5
"TYS_120","label",168,-0.108928329897843,-0.5
"TYS_120","label",169,-0.106647108329302,-0.5
"TYS_120","label",170,0.378112474985707,-0.5
"TYS_120","sound",11,0.867958806868999,0.5
"TYS_120","sound",12,0.31626029400085,0.5
"TYS_120","sound",13,-0.937526242169418,0.5
"TYS_120","sound",14,0.439156451027918,0.5
"TYS_120","sound",19,-0.296200050908747,0.5
"TYS_120","sound",20,0.183124881414171,0.5
"TYS_120","sound",21,0.513816414841703,0.5
"TYS_120","sound",22,0.142055126456235,0.5
"TYS_120","sound",27,0.455289594399158,0.5
"TYS_120","sound",28,0.74988874371626,0.5
"TYS_120","sound",29,-0.22293989678051,0.5
"TYS_120","sound",30,0.508370522204041,0.5
"TYS_120","sound",35,0.657180295196359,0.5
"TYS_120","sound",36,0.402253933835555,0.5
"TYS_120","sound",37,-0.308607515376484,0.5
"TYS_120","sound",38,-0.51092384188699,0.5
"TYS_120","sound",43,0.317132716970608,0.5
"TYS_120","sound",44,-0.151328889840746,0.5
"TYS_120","sound",45,-0.19738550848793,0.5
"TYS_120","sound",46,-0.989747335418051,0.5
"TYS_120","sound",51,-0.790046182677081,0.5
"TYS_120","sound",52,0.596868746160427,0.5
"TYS_120","sound",53,0.00309579225186905,0.5
"TYS_120","sound",54,-0.080164725679988,0.5
"TYS_120","sound",59,0.297998057989641,0.5
"TYS_120","sound",60,0.164973583760347,0.5
"TYS_120","sound",61,0.865762779001482,0.5
"TYS_120","sound",62,1.03790274675616,0.5
"TYS_120","sound",67,0.70876518812575,0.5
"TYS_120","sound",68,-0.0842769066087752,0.5
"TYS_120","sound",69,0.828305326710302,0.5
"TYS_120","sound",70,-0.226408770727359,0.5
"TYS_120","sound",75,0.893337989687607,0.5
"TYS_120","sound",76,-0.0696107524431903,0.5
"TYS_120","sound",77,1.13117472720184,0.5
"TYS_120","sound",78,0.282537759916478,0.5
"TYS_120","sound",83,0.273404404989665,0.5
"TYS_120","sound",84,0.785310524970315,0.5
"TYS_120","sound",86,0.821108155738193,0.5
"TYS_120","sound",91,-0.870293284563644,0.5
"TYS_120","sound",92,0.204850417705096,0.5
"TYS_120","sound",93,0.437653134122388,0.5
"TYS_120","sound",94,0.376317804376769,0.5
"TYS_120","sound",99,0.392918434878949,0.5
"TYS_120","sound",100,-0.167608563130182,0.5
"TYS_120","sound",101,0.392918434878949,0.5
"TYS_120","sound",102,0.332469444897572,0.5
"TYS_120","sound",107,0.0197339143083228,0.5
"TYS_120","sound",108,-0.236451405676298,0.5
"TYS_120","sound",109,0.033296218350336,0.5
"TYS_120","sound",110,0.285430625423532,0.5
"TYS_120","sound",115,0.487059606496043,0.5
"TYS_120","sound",116,0.253270995377942,0.5
"TYS_120","sound",117,0.127073682802082,0.5
"TYS_120","sound",118,0.0474036622365135,0.5
"TYS_120","sound",123,-0.248141782099112,0.5
"TYS_120","sound",124,-0.307689174995891,0.5
"TYS_120","sound",125,0.254278978581511,0.5
"TYS_120","sound",126,-0.925244571037174,0.5
"TYS_120","sound",131,-0.81656073278721,0.5
"TYS_120","sound",132,-0.697585187421247,0.5
"TYS_120","sound",133,-0.749181724952404,0.5
"TYS_120","sound",134,0.514464385128848,0.5
"TYS_120","sound",139,0.601224152084363,0.5
"TYS_120","sound",140,0.826980256621969,0.5
"TYS_120","sound",141,-0.235610160469002,0.5
"TYS_120","sound",142,0.763908334413073,0.5
"TYS_120","sound",147,0.694532820625616,0.5
"TYS_120","sound",148,0.113735861351302,0.5
"TYS_120","sound",149,0.533450041291222,0.5
"TYS_120","sound",150,0.56655340280602,0.5
"TYS_120","sound",155,1.27619712812515,0.5
"TYS_120","sound",156,0.586719199164032,0.5
"TYS_120","sound",157,1.02095770250012,0.5
"TYS_120","sound",158,0.708391774863053,0.5
"TYS_120","sound",163,0.824091291635516,0.5
"TYS_120","sound",164,-0.572016308311711,0.5
"TYS_120","sound",165,0.785310524970315,0.5
"TYS_120","sound",166,0.53711361831303,0.5
"TYS_122","label",15,0.116920472327587,-0.5
"TYS_122","label",16,0.223505640929656,-0.5
"TYS_122","label",17,-0.169235900640027,-0.5
"TYS_122","label",18,-0.4765988462163,-0.5
"TYS_122","label",23,0.556486290122675,-0.5
"TYS_122","label",24,0.698941446659669,-0.5
"TYS_122","label",25,0.295528395464509,-0.5
"TYS_122","label",26,0.118883013630041,-0.5
"TYS_122","label",31,-0.172867834401999,-0.5
"TYS_122","label",32,-0.235457912375137,-0.5
"TYS_122","label",33,-0.857305239437778,-0.5
"TYS_122","label",34,0.0574239128071012,-0.5
"TYS_122","label",39,-0.0409703080758434,-0.5
"TYS_122","label",40,-0.163881232303374,-0.5
"TYS_122","label",41,-0.138789368984197,-0.5
"TYS_122","label",42,-0.277650021671006,-0.5
"TYS_122","label",47,-0.412316395508121,-0.5
"TYS_122","label",48,-0.219755866116562,-0.5
"TYS_122","label",49,-0.179620812724016,-0.5
"TYS_122","label",50,0.45398666952224,-0.5
"TYS_122","label",55,0.582008943351454,-0.5
"TYS_122","label",56,-0.174740273772186,-0.5
"TYS_122","label",57,0.380340190943959,-0.5
"TYS_122","label",63,0.368053741797732,-0.5
"TYS_122","label",64,-0.457079728044261,-0.5
"TYS_122","label",65,-0.0824184515389305,-0.5
"TYS_122","label",66,-0.0993326859965469,-0.5
"TYS_122","label",71,-0.264003703746579,-0.5
"TYS_122","label",72,-0.549546171202087,-0.5
"TYS_122","label",73,-0.109218315456507,-0.5
"TYS_122","label",74,-0.707363276232701,-0.5
"TYS_122","label",79,-0.0464071682954603,-0.5
"TYS_122","label",80,0.04640716829546,-0.5
"TYS_122","label",81,0.394460930511411,-0.5
"TYS_122","label",82,0.279989915382609,-0.5
"TYS_122","label",87,0.397502858318308,-0.5
"TYS_122","label",88,0.221050369991644,-0.5
"TYS_122","label",89,0.213294216658604,-0.5
"TYS_122","label",90,0.836210281218391,-0.5
"TYS_122","label",95,0.112988720420817,-0.5
"TYS_122","label",96,-0.179487985036846,-0.5
"TYS_122","label",97,-0.567945073425768,-0.5
"TYS_122","label",98,-0.0157810692157998,-0.5
"TYS_122","label",103,0.135214846010974,-0.5
"TYS_122","label",104,-0.513816414841703,-0.5
"TYS_122","label",105,0.0362693939888257,-0.5
"TYS_122","label",106,0.0151122474953439,-0.5
"TYS_122","label",111,0.46069048600448,-0.5
"TYS_122","label",112,-0.50330370636812,-0.5
"TYS_122","label",113,0.337986421054944,-0.5
"TYS_122","label",114,-0.0745119975870686,-0.5
"TYS_122","label",119,0.1311049858427,-0.5
"TYS_122","label",120,0.478400769047224,-0.5
"TYS_122","label",121,-0.477738622654078,-0.5
"TYS_122","label",122,-0.449301177559011,-0.5
"TYS_122","label",127,-0.474764091468338,-0.5
"TYS_122","label",128,-0.0907973339044478,-0.5
"TYS_122","label",129,-0.635581337331136,-0.5
"TYS_122","label",130,-0.419444205536852,-0.5
"TYS_122","label",135,-0.114986569355151,-0.5
"TYS_122","label",136,-0.301958813490035,-0.5
"TYS_122","label",137,-0.0916354506553356,-0.5
"TYS_122","label",138,-0.104372424491598,-0.5
"TYS_122","label",143,0.9217429809882,-0.5
"TYS_122","label",144,-0.225113084054094,-0.5
"TYS_122","label",145,0.377519238745879,-0.5
"TYS_122","label",146,0.386874671776025,-0.5
"TYS_122","label",151,-0.027788601638569,-0.5
"TYS_122","label",152,0.367878015432802,-0.5
"TYS_122","label",153,-0.228230974113494,-0.5
"TYS_122","label",154,0.334829872202432,-0.5
"TYS_122","label",159,0.0822672528874065,-0.5
"TYS_122","label",160,0.583183414912949,-0.5
"TYS_122","label",161,0.977128710221077,-0.5
"TYS_122","label",162,-0.230670924762728,-0.5
"TYS_122","label",167,0.201836262871158,-0.5
"TYS_122","label",168,0.855115904967676,-0.5
"TYS_122","label",169,0.159278148803503,-0.5
"TYS_122","label",170,-0.436283624983509,-0.5
"TYS_122","sound",11,-0.0257067190845609,0.5
"TYS_122","sound",12,0.606964200607692,0.5
"TYS_122","sound",13,0.12543926812559,0.5
"TYS_122","sound",14,0.454009222054553,0.5
"TYS_122","sound",19,-0.849033541102066,0.5
"TYS_122","sound",20,0.619602147309112,0.5
"TYS_122","sound",21,-0.187917512333411,0.5
"TYS_122","sound",22,0.0839569305296896,0.5
"TYS_122","sound",27,0.133579690219727,0.5
"TYS_122","sound",28,-0.114365271725067,0.5
"TYS_122","sound",29,0.418293796232118,0.5
"TYS_122","sound",30,0.663189894968284,0.5
"TYS_122","sound",35,-0.101579276221099,0.5
"TYS_122","sound",36,-0.978321295871658,0.5
"TYS_122","sound",37,-0.101450286663993,0.5
"TYS_122","sound",38,-0.366498028605727,0.5
"TYS_122","sound",43,-0.00348327367919863,0.5
"TYS_122","sound",44,-0.151328889840746,0.5
"TYS_122","sound",45,0.355293915278275,0.5
"TYS_122","sound",46,0.270534255751105,0.5
"TYS_122","sound",51,0.287908679423857,0.5
"TYS_122","sound",52,-0.0240379163086337,0.5
"TYS_122","sound",53,0.414836161750504,0.5
"TYS_122","sound",54,0.596868746160427,0.5
"TYS_122","sound",59,0.397330743986188,0.5
"TYS_122","sound",60,0.16032644055583,0.5
"TYS_122","sound",61,-0.0784205415762212,0.5
"TYS_122","sound",62,0.288587593000494,0.5
"TYS_122","sound",67,0.306130168870795,0.5
"TYS_122","sound",68,0.698359447736501,0.5
"TYS_122","sound",69,0.363742165929118,0.5
"TYS_122","sound",70,0.439124218950081,0.5
"TYS_122","sound",75,0.416117609049292,0.5
"TYS_122","sound",76,0.669334158107598,0.5
"TYS_122","sound",77,0.699974788456524,0.5
"TYS_122","sound",78,0.278443009772761,0.5
"TYS_122","sound",83,0.648734781497217,0.5
"TYS_122","sound",84,0.237321430788131,0.5
"TYS_122","sound",85,0.310246133321606,0.5
"TYS_122","sound",86,0.572016308311711,0.5
"TYS_122","sound",91,-0.273133890273461,0.5
"TYS_122","sound",92,0.526658167911905,0.5
"TYS_122","sound",93,-0.536404612287047,0.5
"TYS_122","sound",94,-0.11759931386774,0.5
"TYS_122","sound",99,-0.49959312308138,0.5
"TYS_122","sound",100,-0.0544040909832395,0.5
"TYS_122","sound",101,-3.98986399474666e-16,0.5
"TYS_122","sound",102,0.442033239238818,0.5
"TYS_122","sound",107,0.492325605390293,0.5
"TYS_122","sound",108,0.435746161889178,0.5
"TYS_122","sound",109,0.194565728099354,0.5
"TYS_122","sound",110,0.18836632990011,0.5
"TYS_122","sound",115,1.04926555228005,0.5
"TYS_122","sound",116,0.0148982938457616,0.5
"TYS_122","sound",117,-0.713462738613679,0.5
"TYS_122","sound",118,0.316174902726712,0.5
"TYS_122","sound",123,-0.0643648397243248,0.5
"TYS_122","sound",124,0.279159504861502,0.5
"TYS_122","sound",125,-0.195192336171398,0.5
"TYS_122","sound",126,0.62505411021178,0.5
"TYS_122","sound",131,-0.403140946576776,0.5
"TYS_122","sound",132,0.433410915261721,0.5
"TYS_122","sound",133,-0.1114485210673,0.5
"TYS_122","sound",134,0.136214859082255,0.5
"TYS_122","sound",139,0.367456251957151,0.5
"TYS_122","sound",140,0,0.5
"TYS_122","sound",141,0.820220775597218,0.5
"TYS_122","sound",142,1.05815450766848,0.5
"TYS_122","sound",147,0.407610819213381,0.5
"TYS_122","sound",148,0.050224480830365,0.5
"TYS_122","sound",149,0.369739452863137,0.5
"TYS_122","sound",150,-0.164453855598745,0.5
"TYS_122","sound",155,1.27619712812515,0.5
"TYS_122","sound",156,1.27619712812515,0.5
"TYS_122","sound",157,0.838643827053672,0.5
"TYS_122","sound",158,0.632684394428106,0.5
"TYS_122","sound",163,0.836210281218391,0.5
"TYS_122","sound",164,0.665736494419279,0.5
"TYS_122","sound",165,0.610797074976912,0.5
"TYS_122","sound",166,0.427158738709343,0.5
"TYS_125","label",15,-0.861889164862922,-0.5
"TYS_125","label",16,0.512451203655922,-0.5
"TYS_125","label",17,-0.376317804376768,-0.5
"TYS_125","label",18,0.0995421288996617,-0.5
"TYS_125","label",23,0.525906212837978,-0.5
"TYS_125","label",24,0.75561237476721,-0.5
"TYS_125","label",32,-0.922160482137563,-0.5
"TYS_125","label",33,-0.800556902075467,-0.5
"TYS_125","label",34,0.367706063521101,-0.5
"TYS_125","label",39,-1.05777886304905,-0.5
"TYS_125","label",41,0.253270995377942,-0.5
"TYS_125","label",42,0.253270995377942,-0.5
"TYS_125","label",47,0.967188991590859,-0.5
"TYS_125","label",48,-0.803640998843716,-0.5
"TYS_125","label",49,0.45398666952224,-0.5
"TYS_125","label",50,-1.36196000856672,-0.5
"TYS_125","label",55,-0.160981197097211,-0.5
"TYS_125","label",56,-0.725653703838197,-0.5
"TYS_125","label",57,-0.160981197097211,-0.5
"TYS_125","label",63,0.618401985001059,-0.5
"TYS_125","label",64,1.44293796500247,-0.5
"TYS_125","label",65,-0.572232315501639,-0.5
"TYS_125","label",66,1.44293796500247,-0.5
"TYS_125","label",71,0.679226312182077,-0.5
"TYS_125","label",72,0.023916419443031,-0.5
"TYS_125","label",73,-0.290185889242108,-0.5
"TYS_125","label",74,0.896068515132223,-0.5
"TYS_125","label",80,0.0928143365909201,-0.5
"TYS_125","label",81,0.11601792073865,-0.5
"TYS_125","label",82,0.595558659791738,-0.5
"TYS_125","label",88,-0.572016308311711,-0.5
"TYS_125","label",89,0.423356702761775,-0.5
"TYS_125","label",90,0.503268585587037,-0.5
"TYS_125","label",95,0.303482100303846,-0.5
"TYS_125","label",96,0.910446300911537,-0.5
"TYS_125","label",97,-0.971142720972306,-0.5
"TYS_125","label",105,0.683073586789558,-0.5
"TYS_125","label",106,0.310487993995253,-0.5
"TYS_125","label",111,-0.800556902075467,-0.5
"TYS_125","label",112,0.74988874371626,-0.5
"TYS_125","label",113,0.432628121374766,-0.5
"TYS_125","label",114,0.898515341569934,-0.5
"TYS_125","label",119,-1.05777886304905,-0.5
"TYS_125","label",120,-1.05777886304905,-0.5
"TYS_125","label",121,0.886448483822797,-0.5
"TYS_125","label",127,0.45398666952224,-0.5
"TYS_125","label",128,-1.36196000856672,-0.5
"TYS_125","label",130,-1.36196000856672,-0.5
"TYS_125","label",135,0.770233112265116,-0.5
"TYS_125","label",138,-0.131261591479264,-0.5
"TYS_125","label",143,-0.540025376501351,-0.5
"TYS_125","label",145,-0.48097932166749,-0.5
"TYS_125","label",146,1.44293796500247,-0.5
"TYS_125","label",151,-0.290185889242108,-0.5
"TYS_125","label",152,-0.290185889242108,-0.5
"TYS_125","label",154,0.679226312182077,-0.5
"TYS_125","label",159,-0.385179496852319,-0.5
"TYS_125","label",160,0.838643827053672,-0.5
"TYS_125","label",161,0.928143365909203,-0.5
"TYS_125","label",167,-0.610797074976912,-0.5
"TYS_125","label",168,0.851791839253516,-0.5
"TYS_125","label",170,0.482115440133291,-0.5
"TYS_125","sound",11,-0.752635608753537,0.5
"TYS_125","sound",12,-0.47747850447805,0.5
"TYS_125","sound",14,0.874028448875076,0.5
"TYS_125","sound",19,-1.36010227458098,0.5
"TYS_125","sound",21,0.93695934471134,0.5
"TYS_125","sound",27,-0.922160482137563,0.5
"TYS_125","sound",30,0.97282864049677,0.5
"TYS_125","sound",35,-0.4618471092186,0.5
"TYS_125","sound",36,-1.05777886304905,0.5
"TYS_125","sound",37,-1.05777886304905,0.5
"TYS_125","sound",38,-1.05777886304905,0.5
"TYS_125","sound",43,0.197385508487931,0.5
"TYS_125","sound",44,0.197385508487931,0.5
"TYS_125","sound",45,-0.0592156525463789,0.5
"TYS_125","sound",46,0.967188991590859,0.5
"TYS_125","sound",51,-1.10210204166552,0.5
"TYS_125","sound",52,-0.160981197097211,0.5
"TYS_125","sound",53,0.433410915261721,0.5
"TYS_125","sound",61,0.48097932166749,0.5
"TYS_125","sound",62,0.797648937175279,0.5
"TYS_125","sound",67,-1.28510893807219,0.5
"TYS_125","sound",69,-1.28510893807219,0.5
"TYS_125","sound",75,0.213988609362399,0.5
"TYS_125","sound",76,0.647590939395739,0.5
"TYS_125","sound",77,0.183843782093553,0.5
"TYS_125","sound",78,0.06961075244319,0.5
"TYS_125","sound",83,0.785310524970315,0.5
"TYS_125","sound",84,0.785310524970315,0.5
"TYS_125","sound",85,0.106647108329302,0.5
"TYS_125","sound",86,0.494454774981309,0.5
"TYS_125","sound",92,0.126450875126603,0.5
"TYS_125","sound",93,-0.301964689802326,0.5
"TYS_125","sound",94,-0.594824916595537,0.5
"TYS_125","sound",99,0.453367424860326,0.5
"TYS_125","sound",101,0.513816414841703,0.5
"TYS_125","sound",102,-1.36010227458098,0.5
"TYS_125","sound",107,0.97282864049677,0.5
"TYS_125","sound",108,0.233073528452351,0.5
"TYS_125","sound",109,0.248273975960113,0.5
"TYS_125","sound",110,-0.127683759065201,0.5
"TYS_125","sound",116,-1.05777886304905,0.5
"TYS_125","sound",117,-0.4618471092186,0.5
"TYS_125","sound",118,-0.283067583069464,0.5
"TYS_125","sound",124,0.967188991590859,0.5
"TYS_125","sound",125,-0.384142566518818,0.5
"TYS_125","sound",126,-0.0592156525463789,0.5
"TYS_125","sound",131,-0.160981197097211,0.5
"TYS_125","sound",132,-0.0866821830523443,0.5
"TYS_125","sound",133,-0.0619158450373888,0.5
"TYS_125","sound",134,-0.18349604983808,0.5
"TYS_125","sound",141,0.721468982501235,0.5
"TYS_125","sound",142,1.44293796500247,0.5
"TYS_125","sound",147,0.320657179199155,0.5
"TYS_125","sound",148,-0.499374837970484,0.5
"TYS_125","sound",149,-0.194520211469984,0.5
"TYS_125","sound",155,-0.1539874220713,0.5
"TYS_125","sound",156,-0.255239425625031,0.5
"TYS_125","sound",158,0.11601792073865,0.5
"TYS_125","sound",163,0.806463670424061,0.5
"TYS_125","sound",164,0.901652824965917,0.5
"TYS_125","sound",165,0.785310524970315,0.5
"TYS_125","sound",166,0.0252074983323803,0.5
"TYS_202","label",15,0.261669010928649,-0.5
"TYS_202","label",16,0.0554938697698463,-0.5
"TYS_202","label",17,-0.495109369352845,-0.5
"TYS_202","label",18,-0.402619586403102,-0.5
"TYS_202","label",23,0.320379646901297,-0.5
"TYS_202","label",24,-0.162113200404602,-0.5
"TYS_202","label",25,0.256908207420851,-0.5
"TYS_202","label",26,0.0264464331168519,-0.5
"TYS_202","label",31,-0.446603624394722,-0.5
"TYS_202","label",32,-0.091202685046572,-0.5
"TYS_202","label",33,-0.876559139614277,-0.5
"TYS_202","label",34,0.169104978523853,-0.5
"TYS_202","label",39,0.021519757777211,-0.5
"TYS_202","label",40,0.0319249153837744,-0.5
"TYS_202","label",41,-0.0797496905861337,-0.5
"TYS_202","label",42,0.0844236651259809,-0.5
"TYS_202","label",47,-0.203965025437528,-0.5
"TYS_202","label",48,-0.392976603262334,-0.5
"TYS_202","label",49,0.040638192923986,-0.5
"TYS_202","label",50,0.325686089005085,-0.5
"TYS_202","label",55,-0.00884512071962719,-0.5
"TYS_202","label",56,1.32499908380012,-0.5
"TYS_202","label",57,0.289315857720162,-0.5
"TYS_202","label",58,0.0400631938477217,-0.5
"TYS_202","label",63,-0.397330743986188,-0.5
"TYS_202","label",64,-0.224805552518501,-0.5
"TYS_202","label",65,-0.250945733043908,-0.5
"TYS_202","label",66,-0.681735908102617,-0.5
"TYS_202","label",71,-0.663282032553389,-0.5
"TYS_202","label",72,0.156253940361135,-0.5
"TYS_202","label",73,0.493692876502807,-0.5
"TYS_202","label",74,0.332578915078382,-0.5
"TYS_202","label",79,-0.784281144193276,-0.5
"TYS_202","label",80,0.26220050086935,-0.5
"TYS_202","label",81,0.108283392689407,-0.5
"TYS_202","label",82,0.419773931399844,-0.5
"TYS_202","label",87,0.403469130112954,-0.5
"TYS_202","label",90,0.401811832392219,-0.5
"TYS_202","label",95,0.813332028814307,-0.5
"TYS_202","label",96,0.334504715001572,-0.5
"TYS_202","label",97,0.910446300911537,-0.5
"TYS_202","label",98,-0.82547131282646,-0.5
"TYS_202","label",103,-0.524807140292863,-0.5
"TYS_202","label",104,-0.327819522591313,-0.5
"TYS_202","label",105,0.189300784415364,-0.5
"TYS_202","label",106,-0.181346969944131,-0.5
"TYS_202","label",111,0.873744241927655,-0.5
"TYS_202","label",112,0.0417267186487587,-0.5
"TYS_202","label",113,0.272160393472311,-0.5
"TYS_202","label",114,0.551719946578029,-0.5
"TYS_202","label",119,-0.908795924591439,-0.5
"TYS_202","label",120,0.189421164610394,-0.5
"TYS_202","label",121,0.335784622831389,-0.5
"TYS_202","label",122,-0.0355267007091228,-0.5
"TYS_202","label",127,-0.616829714024782,-0.5
"TYS_202","label",128,0.146065276281069,-0.5
"TYS_202","label",129,-1.36196000856672,-0.5
"TYS_202","label",130,0.556627133935964,-0.5
"TYS_202","label",135,-0.0495326760299114,-0.5
"TYS_202","label",136,-0.269953084363015,-0.5
"TYS_202","label",137,0.111448521067299,-0.5
"TYS_202","label",138,0.475867494715931,-0.5
"TYS_202","label",143,1.20244830416873,-0.5
"TYS_202","label",144,0.878310065653678,-0.5
"TYS_202","label",145,0.763908334413073,-0.5
"TYS_202","label",146,0.0487950036474265,-0.5
"TYS_202","label",151,0.896068515132223,-0.5
"TYS_202","label",152,-0.425393380493375,-0.5
"TYS_202","label",153,0.0235975338504573,-0.5
"TYS_202","label",159,0.552245302715975,-0.5
"TYS_202","label",160,0.649700356136442,-0.5
"TYS_202","label",161,-0.640999012081043,-0.5
"TYS_202","label",162,0.841129925355215,-0.5
"TYS_202","label",167,0.0950128783297418,-0.5
"TYS_202","label",168,0.283930613084505,-0.5
"TYS_202","label",169,-0.727139374972514,-0.5
"TYS_202","label",170,0.239609736895704,-0.5
"TYS_202","sound",11,-0.313193527513569,0.5
"TYS_202","sound",12,0.15138401238686,0.5
"TYS_202","sound",13,-0.568270232818951,0.5
"TYS_202","sound",14,0.0721216285427964,0.5
"TYS_202","sound",19,0.725387879776522,0.5
"TYS_202","sound",20,-0.10578573246741,0.5
"TYS_202","sound",21,0.0113341856215078,0.5
"TYS_202","sound",22,0.0720737957470258,0.5
"TYS_202","sound",27,-0.160111380415093,0.5
"TYS_202","sound",28,0.129710485399569,0.5
"TYS_202","sound",29,-0.135537323610878,0.5
"TYS_202","sound",30,-0.27122367121693,0.5
"TYS_202","sound",35,0.138668735025932,0.5
"TYS_202","sound",36,0.0645592733316326,0.5
"TYS_202","sound",37,0.0659781584598002,0.5
"TYS_202","sound",38,-0.276446119138015,0.5
"TYS_202","sound",43,-0.118431305092758,0.5
"TYS_202","sound",44,0.163713862922343,0.5
"TYS_202","sound",45,-1.03627391956163,0.5
"TYS_202","sound",46,0.254278978581511,0.5
"TYS_202","sound",51,0.260046549157033,0.5
"TYS_202","sound",52,1.32499908380012,0.5
"TYS_202","sound",53,-0.226155770820778,0.5
"TYS_202","sound",54,-0.2687876096329,0.5
"TYS_202","sound",59,0.782554456992187,0.5
"TYS_202","sound",60,0.0487950036474265,0.5
"TYS_202","sound",61,-0.48097932166749,0.5
"TYS_202","sound",62,-0.0884744571629163,0.5
"TYS_202","sound",67,-0.195317425451419,0.5
"TYS_202","sound",68,0.299114685834173,0.5
"TYS_202","sound",69,0.385851567014231,0.5
"TYS_202","sound",70,0.779307328928298,0.5
"TYS_202","sound",75,0.0232035841477299,0.5
"TYS_202","sound",76,0.170614589321544,0.5
"TYS_202","sound",77,0.333774633509656,0.5
"TYS_202","sound",78,0.997754118352393,0.5
"TYS_202","sound",83,-0.0440012544855163,0.5
"TYS_202","sound",84,0.85690578650607,0.5
"TYS_202","sound",85,0.413015164984388,0.5
"TYS_202","sound",86,-0.0152353011899004,0.5
"TYS_202","sound",91,0.331229035188769,0.5
"TYS_202","sound",92,0.474365867551858,0.5
"TYS_202","sound",93,0.218507112218769,0.5
"TYS_202","sound",94,-0.861889164862922,0.5
"TYS_202","sound",99,-0.0412152204418482,0.5
"TYS_202","sound",100,-0.290155151910609,0.5
"TYS_202","sound",101,-0.102007670593574,0.5
"TYS_202","sound",102,-0.22500457381957,0.5
"TYS_202","sound",107,0.0253340791796036,0.5
"TYS_202","sound",108,-0.887416602119821,0.5
"TYS_202","sound",109,0.202672633436827,0.5
"TYS_202","sound",110,0.081069053374731,0.5
"TYS_202","sound",115,0.0528212236349721,0.5
"TYS_202","sound",116,0.832176127670381,0.5
"TYS_202","sound",117,-0.802379539978858,0.5
"TYS_202","sound",118,0.109254154868916,0.5
"TYS_202","sound",123,-0.0440321518934612,0.5
"TYS_202","sound",124,-0.405399467432903,0.5
"TYS_202","sound",125,-0.221071769506482,0.5
"TYS_202","sound",126,0.194565715509532,0.5
"TYS_202","sound",131,-0.723852515618927,0.5
"TYS_202","sound",132,-1.10210204166552,0.5
"TYS_202","sound",133,0.14447030508724,0.5
"TYS_202","sound",134,-0.108352728815431,0.5
"TYS_202","sound",139,-0.48097932166749,0.5
"TYS_202","sound",140,-0.389726327833342,0.5
"TYS_202","sound",141,0,0.5
"TYS_202","sound",142,-0.0836485776813027,0.5
"TYS_202","sound",147,0.545294363301104,0.5
"TYS_202","sound",148,0.248376444882439,0.5
"TYS_202","sound",149,0.204956467226943,0.5
"TYS_202","sound",150,0.536082112848973,0.5
"TYS_202","sound",155,0.104416128664785,0.5
"TYS_202","sound",156,0.778977467816652,0.5
"TYS_202","sound",157,0.0881736197613741,0.5
"TYS_202","sound",158,0.889470725662986,0.5
"TYS_202","sound",163,0.859346534058426,0.5
"TYS_202","sound",164,0.0303782672210738,0.5
"TYS_202","sound",165,0.503268585587037,0.5
"TYS_202","sound",166,-0.0921043208298519,0.5
"TYS_203","label",15,0.224576754224846,-0.5
"TYS_203","label",16,-0.458491419228271,-0.5
"TYS_203","label",17,-0.883739876084799,-0.5
"TYS_203","label",18,-0.540956843791605,-0.5
"TYS_203","label",23,-0.0839569305296905,-0.5
"TYS_203","label",24,0.309219833366273,-0.5
"TYS_203","label",25,-1.04274507717875,-0.5
"TYS_203","label",26,0.513816414841703,-0.5
"TYS_203","label",31,-0.113854332313041,-0.5
"TYS_203","label",32,0.854801636318853,-0.5
"TYS_203","label",33,-0.407878674791614,-0.5
"TYS_203","label",34,-0.0861358692106514,-0.5
"TYS_203","label",39,0.331200532417309,-0.5
"TYS_203","label",40,-0.21023147982352,-0.5
"TYS_203","label",41,-0.129827989227348,-0.5
"TYS_203","label",42,0.34266075845251,-0.5
"TYS_203","label",47,-0.110707524325839,-0.5
"TYS_203","label",48,0.133525491035953,-0.5
"TYS_203","label",49,-0.0227752509793763,-0.5
"TYS_203","label",50,0.351346205108516,-0.5
"TYS_203","label",55,0.51761646451257,-0.5
"TYS_203","label",56,0.0470560422284152,-0.5
"TYS_203","label",57,-0.0247663380149558,-0.5
"TYS_203","label",58,-0.107638315218845,-0.5
"TYS_203","label",63,-0.247643815503857,-0.5
"TYS_203","label",64,-0.592510758575894,-0.5
"TYS_203","label",65,-0.0711012910291074,-0.5
"TYS_203","label",66,-0.132443581328729,-0.5
"TYS_203","label",71,-0.0542105507375365,-0.5
"TYS_203","label",72,-0.262549137885716,-0.5
"TYS_203","label",73,0.175966867902058,-0.5
"TYS_203","label",74,0.218208855489748,-0.5
"TYS_203","label",79,0.0994439320617002,-0.5
"TYS_203","label",80,1.08283392689407,-0.5
"TYS_203","label",81,-0.108878356385503,-0.5
"TYS_203","label",82,0.0532317518683218,-0.5
"TYS_203","label",87,0.28843195207243,-0.5
"TYS_203","label",88,0.881121830849046,-0.5
"TYS_203","label",89,0.785310524970315,-0.5
"TYS_203","label",90,0.855115904967676,-0.5
"TYS_203","label",95,-0.971142720972306,-0.5
"TYS_203","label",97,-0.971142720972306,-0.5
"TYS_203","label",98,-0.971142720972306,-0.5
"TYS_203","label",103,0.513816414841703,-0.5
"TYS_203","label",104,-0.0906734849720654,-0.5
"TYS_203","label",105,-1.36010227458098,-0.5
"TYS_203","label",106,0.513816414841703,-0.5
"TYS_203","label",112,-0.188854044793407,-0.5
"TYS_203","label",113,-0.800556902075467,-0.5
"TYS_203","label",114,-0.253340791796034,-0.5
"TYS_203","label",119,-0.23837270153218,-0.5
"TYS_203","label",120,-0.632113324598729,-0.5
"TYS_203","label",121,0.546270774344581,-0.5
"TYS_203","label",122,-1.05777886304905,-0.5
"TYS_203","label",127,0.967188991590859,-0.5
"TYS_203","label",128,-0.0592156525463789,-0.5
"TYS_203","label",129,-0.0592156525463789,-0.5
"TYS_203","label",130,-0.585577008514193,-0.5
"TYS_203","label",135,1.32499908380012,-0.5
"TYS_203","label",136,-0.570277520081213,-0.5
"TYS_203","label",137,1.32499908380012,-0.5
"TYS_203","label",138,-0.429872866973871,-0.5
"TYS_203","label",143,-0.0627364332609772,-0.5
"TYS_203","label",144,0.329768431243597,-0.5
"TYS_203","label",145,0.632190212091384,-0.5
"TYS_203","label",146,-0.48097932166749,-0.5
"TYS_203","label",151,-0.290185889242108,-0.5
"TYS_203","label",152,-1.28510893807219,-0.5
"TYS_203","label",153,-0.232786482578834,-0.5
"TYS_203","label",154,0.896068515132223,-0.5
"TYS_203","label",160,1.27619712812515,-0.5
"TYS_203","label",161,-1.13697562323877,-0.5
"TYS_203","label",162,-0.784281144193276,-0.5
"TYS_203","label",167,0.901652824965917,-0.5
"TYS_203","label",168,0.475064391648709,-0.5
"TYS_203","label",169,-0.0467131962103555,-0.5
"TYS_203","label",170,0.785310524970315,-0.5
"TYS_203","sound",11,0.874667358559926,0.5
"TYS_203","sound",12,0.169949976170154,0.5
"TYS_203","sound",13,-0.932582642345465,0.5
"TYS_203","sound",14,0.321691026322077,0.5
"TYS_203","sound",19,0.206921542628559,0.5
"TYS_203","sound",20,-0.228842604929498,0.5
"TYS_203","sound",22,-0.396948367544375,0.5
"TYS_203","sound",27,0.291703825982291,0.5
"TYS_203","sound",28,-0.200139225518867,0.5
"TYS_203","sound",29,0.805623717911388,0.5
"TYS_203","sound",30,-0.249764215911854,0.5
"TYS_203","sound",35,0.0645592733316326,0.5
"TYS_203","sound",36,0.123249521814935,0.5
"TYS_203","sound",37,0.148982938457613,0.5
"TYS_203","sound",38,-0.193677819994897,0.5
"TYS_203","sound",43,0.197385508487931,0.5
"TYS_203","sound",44,-0.078954203395172,0.5
"TYS_203","sound",45,0.351346205108516,0.5
"TYS_203","sound",46,-0.276339711883102,0.5
"TYS_203","sound",51,0.0470560422284152,0.5
"TYS_203","sound",52,-0.227024765137092,0.5
"TYS_203","sound",53,-0.0972963279158967,0.5
"TYS_203","sound",54,0.364615531886845,0.5
"TYS_203","sound",59,0.0961958643334981,0.5
"TYS_203","sound",60,0.167297155362605,0.5
"TYS_203","sound",61,-0.14638501094228,0.5
"TYS_203","sound",62,0.658732549240258,0.5
"TYS_203","sound",68,0.404276067918492,0.5
"TYS_203","sound",69,0.261240889300799,0.5
"TYS_203","sound",70,0.210920041945206,0.5
"TYS_203","sound",75,0.378991874412924,0.5
"TYS_203","sound",76,0.278443009772761,0.5
"TYS_203","sound",77,-0.171706522693203,0.5
"TYS_203","sound",78,0.417664514659141,0.5
"TYS_203","sound",83,-0.162048203565303,0.5
"TYS_203","sound",84,-0.0964416434174072,0.5
"TYS_203","sound",85,-0.564965259827129,0.5
"TYS_203","sound",86,0.901652824965917,0.5
"TYS_203","sound",92,0.910446300911537,0.5
"TYS_203","sound",93,-0.229128985729403,0.5
"TYS_203","sound",94,-0.971142720972306,0.5
"TYS_203","sound",99,-0.797926667754175,0.5
"TYS_203","sound",100,0.513816414841703,0.5
"TYS_203","sound",101,-0.0554115741495957,0.5
"TYS_203","sound",102,-0.544040909832392,0.5
"TYS_203","sound",107,-0.268541239303796,0.5
"TYS_203","sound",109,0.108936540472295,0.5
"TYS_203","sound",110,0.466147056904702,0.5
"TYS_203","sound",115,0.690287614853607,0.5
"TYS_203","sound",116,0.477891425667882,0.5
"TYS_203","sound",117,-0.305769745120148,0.5
"TYS_203","sound",118,-0.26139733747563,0.5
"TYS_203","sound",123,-0.0592156525463789,0.5
"TYS_203","sound",124,0.384901741551464,0.5
"TYS_203","sound",125,0.043424811867345,0.5
"TYS_203","sound",126,-0.585577008514193,0.5
"TYS_203","sound",131,0.919731734464484,0.5
"TYS_203","sound",132,0.136214859082255,0.5
"TYS_203","sound",133,-0.11695215173729,0.5
"TYS_203","sound",134,0.263584597444883,0.5
"TYS_203","sound",139,0.182234401377124,0.5
"TYS_203","sound",140,-0.592510758575894,0.5
"TYS_203","sound",141,1.44293796500247,0.5
"TYS_203","sound",142,0.16032644055583,0.5
"TYS_203","sound",147,0.765963193362135,0.5
"TYS_203","sound",148,-0.91201279476091,0.5
"TYS_203","sound",149,0.038904042293997,0.5
"TYS_203","sound",150,-0.290185889242108,0.5
"TYS_203","sound",155,-0.283083726602307,0.5
"TYS_203","sound",156,-0.155285524680963,0.5
"TYS_203","sound",158,1.27619712812515,0.5
"TYS_203","sound",163,0.901652824965917,0.5
"TYS_203","sound",164,-0.402350454151458,0.5
"TYS_203","sound",165,0.52354034998021,0.5
"TYS_203","sound",166,0.603525681227187,0.5
"TYS_204","label",16,-0.0885453657357101,-0.5
"TYS_204","label",25,0.513816414841703,-0.5
"TYS_204","label",39,-0.104288056920329,-0.5
"TYS_204","label",40,-0.4618471092186,-0.5
"TYS_204","label",49,0.45398666952224,-0.5
"TYS_204","label",50,-0.0592156525463789,-0.5
"TYS_204","label",55,0.941946389168807,-0.5
"TYS_204","label",56,0.0206386150124626,-0.5
"TYS_204","label",64,-0.48097932166749,-0.5
"TYS_204","label",65,-0.146385010942279,-0.5
"TYS_204","label",66,-0.0376418599565863,-0.5
"TYS_204","label",74,0.175966867902058,-0.5
"TYS_204","label",80,0.502744323200818,-0.5
"TYS_204","label",81,0.11601792073865,-0.5
"TYS_204","label",82,1.27619712812515,-0.5
"TYS_204","label",88,0.141549798327983,-0.5
"TYS_204","label",96,-0.752635608753537,-0.5
"TYS_204","label",137,-1.10210204166552,-0.5
"TYS_204","label",162,0.11601792073865,-0.5
"TYS_204","sound",14,0.857474879767593,0.5
"TYS_204","sound",20,-0.0215889249933492,0.5
"TYS_204","sound",28,0.263474423467875,0.5
"TYS_204","sound",35,-0.235393042763028,0.5
"TYS_204","sound",36,0.146854610765362,0.5
"TYS_204","sound",37,-0.4618471092186,0.5
"TYS_204","sound",38,-0.4618471092186,0.5
"TYS_204","sound",46,-0.779672758527325,0.5
"TYS_204","sound",52,-0.160981197097211,0.5
"TYS_204","sound",54,0.280309916623814,0.5
"TYS_204","sound",59,-0.528778508913949,0.5
"TYS_204","sound",60,1.44293796500247,0.5
"TYS_204","sound",68,-0.732373910944367,0.5
"TYS_204","sound",69,-0.688155108774141,0.5
"TYS_204","sound",75,-0.183050497165426,0.5
"TYS_204","sound",78,-0.11601792073865,0.5
"TYS_204","sound",85,0.901652824965917,0.5
"TYS_204","sound",93,0.813332028814307,0.5
"TYS_204","sound",107,-0.922160482137563,0.5
"TYS_204","sound",156,1.27619712812515,0.5
"TYS_205","label",15,-0.322242811958992,-0.5
"TYS_205","label",16,0.0944166534278633,-0.5
"TYS_205","label",17,-0.752635608753537,-0.5
"TYS_205","label",18,-0.752635608753537,-0.5
"TYS_205","label",23,-0.225521231853599,-0.5
"TYS_205","label",24,-0.0906734849720654,-0.5
"TYS_205","label",25,-1.36010227458098,-0.5
"TYS_205","label",26,0.204015341187146,-0.5
"TYS_205","label",31,0.122110261645689,-0.5
"TYS_205","label",32,-0.0787305229889211,-0.5
"TYS_205","label",34,0.97282864049677,-0.5
"TYS_205","label",39,0.0665457125110673,-0.5
"TYS_205","label",40,0.152903542101235,-0.5
"TYS_205","label",41,0.0474036622365134,-0.5
"TYS_205","label",42,-0.759812986133826,-0.5
"TYS_205","label",47,-0.375032466127068,-0.5
"TYS_205","label",48,-0.159702820503871,-0.5
"TYS_205","label",49,0.0084593789351972,-0.5
"TYS_205","label",50,-0.0789542033951719,-0.5
"TYS_205","label",55,0.326090117196914,-0.5
"TYS_205","label",56,0.268301995162018,-0.5
"TYS_205","label",57,0.340537147705638,-0.5
"TYS_205","label",58,-0.00195523721170729,-0.5
"TYS_205","label",63,0.141156974837198,-0.5
"TYS_205","label",64,-0.0418242888406514,-0.5
"TYS_205","label",65,-0.0209121444203256,-0.5
"TYS_205","label",66,0.0334594310725211,-0.5
"TYS_205","label",71,0.325718855271754,-0.5
"TYS_205","label",72,-0.37765165177662,-0.5
"TYS_205","label",73,-0.290185889242108,-0.5
"TYS_205","label",74,0.222582143616474,-0.5
"TYS_205","label",79,0.510478851250061,-0.5
"TYS_205","label",80,0.919218910467768,-0.5
"TYS_205","label",81,0.02320358414773,-0.5
"TYS_205","label",82,0.678060292317001,-0.5
"TYS_205","label",87,0.240098570088963,-0.5
"TYS_205","label",88,0.113110569440169,-0.5
"TYS_205","label",89,0.00538621759238897,-0.5
"TYS_205","label",90,0.901652824965917,-0.5
"TYS_205","label",95,0.0956861210369775,-0.5
"TYS_205","label",96,-0.971142720972306,-0.5
"TYS_205","label",98,0.910446300911537,-0.5
"TYS_205","label",103,0.93695934471134,-0.5
"TYS_205","label",104,-0.0332469444897577,-0.5
"TYS_205","label",105,-0.147940949164949,-0.5
"TYS_205","label",106,-0.171272138280568,-0.5
"TYS_205","label",111,-0.573932048323378,-0.5
"TYS_205","label",112,0.0533704601383646,-0.5
"TYS_205","label",113,0.381700126306025,-0.5
"TYS_205","label",114,0.0670378710598737,-0.5
"TYS_205","label",119,-0.0813676048499268,-0.5
"TYS_205","label",120,-0.308607515376484,-0.5
"TYS_205","label",121,0.0528212236349721,-0.5
"TYS_205","label",122,-0.480183470874921,-0.5
"TYS_205","label",127,-0.26571126142606,-0.5
"TYS_205","label",128,-0.00281979297839874,-0.5
"TYS_205","label",129,0.314022399867162,-0.5
"TYS_205","label",130,-0.0592156525463789,-0.5
"TYS_205","label",135,-0.413597844849757,-0.5
"TYS_205","label",136,0.0902202313401948,-0.5
"TYS_205","label",137,0.499454483301602,-0.5
"TYS_205","label",138,0.198130704119644,-0.5
"TYS_205","label",143,0.423946200521148,-0.5
"TYS_205","label",144,-0.347141597377406,-0.5
"TYS_205","label",145,-0.547898183812532,-0.5
"TYS_205","label",151,0.315696736648007,-0.5
"TYS_205","label",152,-0.451100465187013,-0.5
"TYS_205","label",153,0.356088911707348,-0.5
"TYS_205","label",154,-0.290185889242108,-0.5
"TYS_205","label",159,-1.13697562323877,-0.5
"TYS_205","label",160,-0.522080643323927,-0.5
"TYS_205","label",161,0.542120102360602,-0.5
"TYS_205","label",162,0.0981690098557809,-0.5
"TYS_205","label",167,0.785310524970315,-0.5
"TYS_205","label",168,-0.440161701650029,-0.5
"TYS_205","label",169,0.19067210277057,-0.5
"TYS_205","label",170,0.0829477509227904,-0.5
"TYS_205","sound",11,-0.271110676271435,0.5
"TYS_205","sound",12,-0.470397255470961,0.5
"TYS_205","sound",14,0.0698008830698848,0.5
"TYS_205","sound",19,-0.38742307215337,0.5
"TYS_205","sound",20,-0.0137384068139498,0.5
"TYS_205","sound",21,-0.735462711440085,0.5
"TYS_205","sound",22,-0.380828636882674,0.5
"TYS_205","sound",27,-0.0276371772868398,0.5
"TYS_205","sound",28,-0.490467772917121,0.5
"TYS_205","sound",29,0.805623717911388,0.5
"TYS_205","sound",30,0.528975573270119,0.5
"TYS_205","sound",35,0.0419861008380548,0.5
"TYS_205","sound",36,0.306242706829538,0.5
"TYS_205","sound",37,-0.590965655881864,0.5
"TYS_205","sound",38,-0.4618471092186,0.5
"TYS_205","sound",43,-0.583697146528594,0.5
"TYS_205","sound",44,0.172497770461192,0.5
"TYS_205","sound",45,0.174058130212084,0.5
"TYS_205","sound",46,-0.564522554275481,0.5
"TYS_205","sound",51,-0.0619158450373888,0.5
"TYS_205","sound",52,-0.114750699469294,0.5
"TYS_205","sound",53,0.152725751092225,0.5
"TYS_205","sound",54,0.76775647846362,0.5
"TYS_205","sound",59,0.345665446006559,0.5
"TYS_205","sound",60,0.115016794311791,0.5
"TYS_205","sound",61,1.44293796500247,0.5
"TYS_205","sound",62,0.48097932166749,0.5
"TYS_205","sound",67,0.679226312182077,0.5
"TYS_205","sound",68,0.343833700698632,0.5
"TYS_205","sound",69,-0.0397157510750935,0.5
"TYS_205","sound",70,-1.28510893807219,0.5
"TYS_205","sound",75,0.0994439320617002,0.5
"TYS_205","sound",76,-0.259458259106436,0.5
"TYS_205","sound",77,-0.0232035841477302,0.5
"TYS_205","sound",78,0.328164975803611,0.5
"TYS_205","sound",83,-0.572016308311711,0.5
"TYS_205","sound",84,0.229452869435771,0.5
"TYS_205","sound",85,-0.165958869111374,0.5
"TYS_205","sound",86,-1.11494704162452,0.5
"TYS_205","sound",91,0.0349897009762083,0.5
"TYS_205","sound",92,-0.386180972636643,0.5
"TYS_205","sound",93,0.0221363414339278,0.5
"TYS_205","sound",94,0.581582061309552,0.5
"TYS_205","sound",99,0.783089188395108,0.5
"TYS_205","sound",100,-0.0906734849720654,0.5
"TYS_205","sound",101,-0.188903093691803,0.5
"TYS_205","sound",102,-0.519861313839841,0.5
"TYS_205","sound",107,0.263474423467875,0.5
"TYS_205","sound",108,-0.301670419769431,0.5
"TYS_205","sound",109,0.12620977627657,0.5
"TYS_205","sound",110,-0.130289550066532,0.5
"TYS_205","sound",115,-0.674679878443761,0.5
"TYS_205","sound",116,0.398529360374115,0.5
"TYS_205","sound",117,0.590965655881865,0.5
"TYS_205","sound",118,-0.0367491248195442,0.5
"TYS_205","sound",123,-0.514996735782146,0.5
"TYS_205","sound",124,0.62505411021178,0.5
"TYS_205","sound",126,0.396964189292394,0.5
"TYS_205","sound",131,0.433410915261721,0.5
"TYS_205","sound",132,0.263584597444883,0.5
"TYS_205","sound",133,0.235280211142077,0.5
"TYS_205","sound",134,0.631541619381365,0.5
"TYS_205","sound",139,0.243975018237133,0.5
"TYS_205","sound",140,-0.250945733043908,0.5
"TYS_205","sound",141,-0.815573632392701,0.5
"TYS_205","sound",142,0.48097932166749,0.5
"TYS_205","sound",147,-0.213653347024409,0.5
"TYS_205","sound",148,0.495183770182372,0.5
"TYS_205","sound",149,-0.78764741365715,0.5
"TYS_205","sound",150,-0.19381157681982,0.5
"TYS_205","sound",155,0.0696107524431901,0.5
"TYS_205","sound",156,0.11601792073865,0.5
"TYS_205","sound",157,-0.599978390105592,0.5
"TYS_205","sound",158,0.574629936834962,0.5
"TYS_205","sound",163,0.0544422301261472,0.5
"TYS_205","sound",164,0.101358821965865,0.5
"TYS_205","sound",165,0.176750801916396,0.5
"TYS_205","sound",166,0.691128663069113,0.5
"TYS_206","label",15,-0.971142720972306,-0.5
"TYS_206","label",16,-0.752635608753537,-0.5
"TYS_206","label",18,0.910446300911537,-0.5
"TYS_206","label",23,0.272020454916196,-0.5
"TYS_206","label",24,0.426501207090825,-0.5
"TYS_206","label",25,-0.0906734849720654,-0.5
"TYS_206","label",26,0.513816414841703,-0.5
"TYS_206","label",31,-0.0496547951920225,-0.5
"TYS_206","label",32,0.214832991443037,-0.5
"TYS_206","label",33,0.74988874371626,-0.5
"TYS_206","label",34,0.272160393472311,-0.5
"TYS_206","label",39,-0.223474407686419,-0.5
"TYS_206","label",40,0.437468082925536,-0.5
"TYS_206","label",41,1.26635497688971,-0.5
"TYS_206","label",42,0.253270995377942,-0.5
"TYS_206","label",48,0.967188991590859,-0.5
"TYS_206","label",49,0.192830458292055,-0.5
"TYS_206","label",50,-1.36196000856672,-0.5
"TYS_206","label",58,-0.503206958758414,-0.5
"TYS_206","label",63,-0.815573632392701,-0.5
"TYS_206","label",64,4.16333634234434e-17,-0.5
"TYS_206","label",66,1.44293796500247,-0.5
"TYS_206","label",71,0.823787780815508,-0.5
"TYS_206","label",72,-0.858713345716441,-0.5
"TYS_206","label",74,-0.194520211469984,-0.5
"TYS_206","label",79,0.11601792073865,-0.5
"TYS_206","label",80,-0.0696107524431903,-0.5
"TYS_206","label",82,-0.635778205647804,-0.5
"TYS_206","label",89,0.785310524970315,-0.5
"TYS_206","label",90,0.33286824720964,-0.5
"TYS_206","label",95,0.910446300911537,-0.5
"TYS_206","label",97,-0.752635608753537,-0.5
"TYS_206","label",98,0.813332028814307,-0.5
"TYS_206","label",103,-0.594415068150206,-0.5
"TYS_206","label",104,0.513816414841703,-0.5
"TYS_206","label",106,0.725387879776522,-0.5
"TYS_206","label",112,-0.800556902075467,-0.5
"TYS_206","label",113,-0.0123855498211393,-0.5
"TYS_206","label",114,0.97282864049677,-0.5
"TYS_206","label",119,-0.274554272300458,-0.5
"TYS_206","label",120,0.759812986133826,-0.5
"TYS_206","label",121,0.019482384259842,-0.5
"TYS_206","label",122,-1.05777886304905,-0.5
"TYS_206","label",127,0.659267598349688,-0.5
"TYS_206","label",128,-0.0592156525463789,-0.5
"TYS_206","label",129,0.646437540297972,-0.5
"TYS_206","label",130,-1.36196000856672,-0.5
"TYS_206","label",136,0.0229973138710298,-0.5
"TYS_206","label",137,-1.10210204166552,-0.5
"TYS_206","label",144,0.475004423261683,-0.5
"TYS_206","label",145,-0.48097932166749,-0.5
"TYS_206","label",146,-0.146385010942279,-0.5
"TYS_206","label",151,0.291461431612403,-0.5
"TYS_206","label",152,0.679226312182077,-0.5
"TYS_206","label",159,0.212402039506144,-0.5
"TYS_206","label",160,1.27619712812515,-0.5
"TYS_206","label",161,-0.255239425625031,-0.5
"TYS_206","label",162,-1.13697562323877,-0.5
"TYS_206","label",167,0.785310524970315,-0.5
"TYS_206","label",168,0.231803218930632,-0.5
"TYS_206","label",169,-0.882262441633317,-0.5
"TYS_206","label",170,0.901652824965917,-0.5
"TYS_206","sound",11,0.104051005818462,0.5
"TYS_206","sound",12,-0.752635608753537,0.5
"TYS_206","sound",19,0.513816414841703,0.5
"TYS_206","sound",20,-0.0906734849720654,0.5
"TYS_206","sound",22,0.169722164178481,0.5
"TYS_206","sound",27,-0.253340791796034,0.5
"TYS_206","sound",28,0.74988874371626,0.5
"TYS_206","sound",29,0.129710485399569,0.5
"TYS_206","sound",30,-0.800556902075467,0.5
"TYS_206","sound",35,0.0148982938457617,0.5
"TYS_206","sound",36,0.253270995377942,0.5
"TYS_206","sound",38,0.253270995377942,0.5
"TYS_206","sound",43,-1.36196000856672,0.5
"TYS_206","sound",44,-1.36196000856672,0.5
"TYS_206","sound",45,0.45398666952224,0.5
"TYS_206","sound",46,0.967188991590859,0.5
"TYS_206","sound",51,-0.160981197097211,0.5
"TYS_206","sound",52,-0.104372424491598,0.5
"TYS_206","sound",53,-0.160981197097211,0.5
"TYS_206","sound",54,0.284812887171988,0.5
"TYS_206","sound",60,-0.815573632392701,0.5
"TYS_206","sound",61,1.44293796500247,0.5
"TYS_206","sound",62,-0.146385010942279,0.5
"TYS_206","sound",67,-0.892241888021338,0.5
"TYS_206","sound",69,-1.28510893807219,0.5
"TYS_206","sound",75,1.27619712812515,0.5
"TYS_206","sound",76,0.155285524680963,0.5
"TYS_206","sound",78,0.11601792073865,0.5
"TYS_206","sound",84,0.472640593732134,0.5
"TYS_206","sound",91,0.878074876879127,0.5
"TYS_206","sound",92,-0.289319602289666,0.5
"TYS_206","sound",99,-0.0906734849720654,0.5
"TYS_206","sound",100,0.177988692722943,0.5
"TYS_206","sound",102,0.93695934471134,0.5
"TYS_206","sound",107,0.381700126306025,0.5
"TYS_206","sound",108,0.0253340791796036,0.5
"TYS_206","sound",109,-0.476280688576543,0.5
"TYS_206","sound",110,-0.922160482137563,0.5
"TYS_206","sound",115,0.542723561524162,0.5
"TYS_206","sound",116,-1.05777886304905,0.5
"TYS_206","sound",117,-1.05777886304905,0.5
"TYS_206","sound",118,-0.759812986133826,0.5
"TYS_206","sound",123,-1.36196000856672,0.5
"TYS_206","sound",125,-1.36196000856672,0.5
"TYS_206","sound",126,-0.19738550848793,0.5
"TYS_206","sound",132,-0.160981197097211,0.5
"TYS_206","sound",133,-0.160981197097211,0.5
"TYS_206","sound",141,-0.48097932166749,0.5
"TYS_206","sound",142,-0.633067644724404,0.5
"TYS_206","sound",148,-1.28510893807219,0.5
"TYS_206","sound",149,-0.290185889242108,0.5
"TYS_206","sound",150,0.0244478954306539,0.5
"TYS_206","sound",156,0.874001669564499,0.5
"TYS_206","sound",157,0.11601792073865,0.5
"TYS_206","sound",158,0.371257346363681,0.5
"TYS_206","sound",164,-0.32317305554334,0.5
"TYS_206","sound",166,0.50414996664761,0.5
"TYS_207","label",15,-0.343946380344358,-0.5
"TYS_207","label",16,0.0303482100303847,-0.5
"TYS_207","label",17,-0.916515942917614,-0.5
"TYS_207","label",18,-0.326546739926938,-0.5
"TYS_207","label",23,-1.36010227458098,-0.5
"TYS_207","label",24,0.280656024913535,-0.5
"TYS_207","label",25,-1.07800698800122,-0.5
"TYS_207","label",26,-0.735462711440085,-0.5
"TYS_207","label",31,-0.55059398750338,-0.5
"TYS_207","label",32,0.935671991033352,-0.5
"TYS_207","label",33,-0.855831256649147,-0.5
"TYS_207","label",34,0.74988874371626,-0.5
"TYS_207","label",39,0.00406317104884417,-0.5
"TYS_207","label",40,0.402253933835555,-0.5
"TYS_207","label",41,-0.58103345998469,-0.5
"TYS_207","label",42,0.334534416354822,-0.5
"TYS_207","label",47,0.45398666952224,-0.5
"TYS_207","label",49,0.659267598349688,-0.5
"TYS_207","label",50,-0.272392001713344,-0.5
"TYS_207","label",55,-0.134309756158028,-0.5
"TYS_207","label",56,-0.0619158450373888,-0.5
"TYS_207","label",57,-1.10210204166552,-0.5
"TYS_207","label",58,0.393165615987418,-0.5
"TYS_207","label",63,-0.159254022893249,-0.5
"TYS_207","label",64,1.15397015119433,-0.5
"TYS_207","label",65,1.05815450766848,-0.5
"TYS_207","label",66,-0.397330743986188,-0.5
"TYS_207","label",72,0.896068515132223,-0.5
"TYS_207","label",73,-1.28510893807219,-0.5
"TYS_207","label",74,-0.350318600984585,-0.5
"TYS_207","label",79,0.701908420468835,-0.5
"TYS_207","label",80,-0.599978390105592,-0.5
"TYS_207","label",82,0.11601792073865,-0.5
"TYS_207","label",87,-0.572016308311711,-0.5
"TYS_207","label",88,-0.572016308311711,-0.5
"TYS_207","label",89,-0.572016308311711,-0.5
"TYS_207","label",90,0.100183647218435,-0.5
"TYS_207","label",95,0.372849437516153,-0.5
"TYS_207","label",96,-0.37252427812297,-0.5
"TYS_207","label",97,-0.343946380344358,-0.5
"TYS_207","label",98,-0.971142720972306,-0.5
"TYS_207","label",103,-0.977258671365593,-0.5
"TYS_207","label",104,-0.483591919851015,-0.5
"TYS_207","label",105,-1.36010227458098,-0.5
"TYS_207","label",106,-1.36010227458098,-0.5
"TYS_207","label",111,0.925055805472375,-0.5
"TYS_207","label",112,0.74988874371626,-0.5
"TYS_207","label",113,0.54552717166746,-0.5
"TYS_207","label",114,-0.00894143971044804,-0.5
"TYS_207","label",119,0.0566135166138931,-0.5
"TYS_207","label",120,1.26635497688971,-0.5
"TYS_207","label",121,0.546270774344581,-0.5
"TYS_207","label",122,0.278810927684961,-0.5
"TYS_207","label",127,0.45398666952224,-0.5
"TYS_207","label",128,-1.36196000856672,-0.5
"TYS_207","label",129,0.407930050875056,-0.5
"TYS_207","label",130,-0.430300408503688,-0.5
"TYS_207","label",135,-0.123103268368456,-0.5
"TYS_207","label",136,0.140342582084748,-0.5
"TYS_207","label",137,-0.0949376290573295,-0.5
"TYS_207","label",138,0.29188898374769,-0.5
"TYS_207","label",143,-0.104560722101628,-0.5
"TYS_207","label",144,0.913163639687554,-0.5
"TYS_207","label",145,0.0209121444203258,-0.5
"TYS_207","label",146,-0.540025376501351,-0.5
"TYS_207","label",151,-1.28510893807219,-0.5
"TYS_207","label",152,-1.28510893807219,-0.5
"TYS_207","label",153,-1.28510893807219,-0.5
"TYS_207","label",154,-0.817713769528388,-0.5
"TYS_207","label",159,-0.106736487079558,-0.5
"TYS_207","label",160,-0.100548864640164,-0.5
"TYS_207","label",161,0.11601792073865,-0.5
"TYS_207","label",162,-0.0280885492314628,-0.5
"TYS_207","label",167,-0.572016308311711,-0.5
"TYS_207","label",168,-0.843481674968116,-0.5
"TYS_207","label",169,-0.572016308311711,-0.5
"TYS_207","label",170,-0.572016308311711,-0.5
"TYS_207","sound",11,-0.15443866882129,0.5
"TYS_207","sound",12,0.910446300911537,0.5
"TYS_207","sound",13,-0.803060326957869,0.5
"TYS_207","sound",14,0.201512114601754,0.5
"TYS_207","sound",19,0.323169600285053,0.5
"TYS_207","sound",21,0.307282365738665,0.5
"TYS_207","sound",22,0.628669495806318,0.5
"TYS_207","sound",27,-0.800556902075467,0.5
"TYS_207","sound",28,-0.0139337435487817,0.5
"TYS_207","sound",29,0.74988874371626,0.5
"TYS_207","sound",30,-0.573932048323378,0.5
"TYS_207","sound",35,1.26635497688971,0.5
"TYS_207","sound",36,0.253270995377942,0.5
"TYS_207","sound",37,0.253270995377942,0.5
"TYS_207","sound",38,0.365008199221152,0.5
"TYS_207","sound",43,-0.138169855941551,0.5
"TYS_207","sound",44,0.325686089005085,0.5
"TYS_207","sound",45,0.967188991590859,0.5
"TYS_207","sound",46,0.556627133935964,0.5
"TYS_207","sound",51,-1.10210204166552,0.5
"TYS_207","sound",52,-0.408644577246766,0.5
"TYS_207","sound",53,-1.10210204166552,0.5
"TYS_207","sound",54,-1.10210204166552,0.5
"TYS_207","sound",59,-0.313682166304885,0.5
"TYS_207","sound",60,-0.48097932166749,0.5
"TYS_207","sound",61,1.44293796500247,0.5
"TYS_207","sound",62,-0.433180134421032,0.5
"TYS_207","sound",67,0.679226312182077,0.5
"TYS_207","sound",68,0.896068515132223,0.5
"TYS_207","sound",69,0.679226312182077,0.5
"TYS_207","sound",70,0.679226312182077,0.5
"TYS_207","sound",75,0.651065272851014,0.5
"TYS_207","sound",76,0.540312030868571,0.5
"TYS_207","sound",77,1.27619712812515,0.5
"TYS_207","sound",78,-0.334131611727313,0.5
"TYS_207","sound",83,0.901652824965917,0.5
"TYS_207","sound",84,-0.354844014986587,0.5
"TYS_207","sound",85,0.600531577918476,0.5
"TYS_207","sound",86,0.901652824965917,0.5
"TYS_207","sound",91,0.446118687446653,0.5
"TYS_207","sound",92,0.494675823495269,0.5
"TYS_207","sound",93,0.250372732750673,0.5
"TYS_207","sound",94,-0.439442081239968,0.5
"TYS_207","sound",100,0.403909160330108,0.5
"TYS_207","sound",101,0.145365428288549,0.5
"TYS_207","sound",102,-1.00670817930524,0.5
"TYS_207","sound",107,-0.193262832598688,0.5
"TYS_207","sound",108,0.485880971213025,0.5
"TYS_207","sound",109,0.529482254853711,0.5
"TYS_207","sound",110,0.107126963388037,0.5
"TYS_207","sound",115,0.355903686315409,0.5
"TYS_207","sound",116,1.08215788934212,0.5
"TYS_207","sound",117,0.713763714246928,0.5
"TYS_207","sound",118,1.06373818058736,0.5
"TYS_207","sound",123,0.250527760773143,0.5
"TYS_207","sound",124,-1.36196000856672,0.5
"TYS_207","sound",125,0.0320751451292889,0.5
"TYS_207","sound",126,0.590840622073872,0.5
"TYS_207","sound",131,0.284812887171988,0.5
"TYS_207","sound",132,-1.10210204166552,0.5
"TYS_207","sound",133,-0.104372424491598,0.5
"TYS_207","sound",134,-1.10210204166552,0.5
"TYS_207","sound",139,0.0437253928788628,0.5
"TYS_207","sound",140,0.96195864333498,0.5
"TYS_207","sound",141,0.885280780460453,0.5
"TYS_207","sound",142,-0.332270739122952,0.5
"TYS_207","sound",147,0.738365094804844,0.5
"TYS_207","sound",148,0.769577230077971,0.5
"TYS_207","sound",149,-0.292919194321311,0.5
"TYS_207","sound",150,0.572544586666497,0.5
"TYS_207","sound",155,-0.510478851250062,0.5
"TYS_207","sound",156,1.27619712812515,0.5
"TYS_207","sound",157,1.27619712812515,0.5
"TYS_207","sound",158,0.11601792073865,0.5
"TYS_207","sound",163,0.824091291635516,0.5
"TYS_207","sound",164,0.843481674968116,0.5
"TYS_207","sound",165,0.785310524970315,0.5
"TYS_207","sound",166,0.840059842615304,0.5
"TYS_209","label",15,-0.0562821349654404,-0.5
"TYS_209","label",16,0.25644237475675,-0.5
"TYS_209","label",17,-0.406666014407153,-0.5
"TYS_209","label",18,-0.271110676271435,-0.5
"TYS_209","label",23,-0.119307217068507,-0.5
"TYS_209","label",24,-0.0906734849720654,-0.5
"TYS_209","label",25,-0.00697488345939002,-0.5
"TYS_209","label",26,-0.302244949906884,-0.5
"TYS_209","label",31,-0.562877177408642,-0.5
"TYS_209","label",32,0.50442966544277,-0.5
"TYS_209","label",33,-0.0551016222156372,-0.5
"TYS_209","label",34,0.283178707274234,-0.5
"TYS_209","label",39,-0.136376689818892,-0.5
"TYS_209","label",40,-0.23837270153218,-0.5
"TYS_209","label",41,-0.566135166138929,-0.5
"TYS_209","label",42,-0.663547087438137,-0.5
"TYS_209","label",47,0.221279543725943,-0.5
"TYS_209","label",48,-0.0657951694959766,-0.5
"TYS_209","label",49,-0.226234159728474,-0.5
"TYS_209","label",50,-0.769803483102928,-0.5
"TYS_209","label",55,0.631541619381365,-0.5
"TYS_209","label",56,-0.284812887171989,-0.5
"TYS_209","label",57,-0.0426531376924236,-0.5
"TYS_209","label",58,-0.819765788295028,-0.5
"TYS_209","label",63,0.0460067177247164,-0.5
"TYS_209","label",64,0.206133995000353,-0.5
"TYS_209","label",65,0.48097932166749,-0.5
"TYS_209","label",66,1.44293796500247,-0.5
"TYS_209","label",71,0.041455127034587,-0.5
"TYS_209","label",72,-0.259572872355028,-0.5
"TYS_209","label",73,-0.848873447431309,-0.5
"TYS_209","label",79,-1.13697562323877,-0.5
"TYS_209","label",80,1.27619712812515,-0.5
"TYS_209","label",81,0.127619712812515,-0.5
"TYS_209","label",82,0.324850178068221,-0.5
"TYS_209","label",87,0.475064391648709,-0.5
"TYS_209","label",88,-0.752993219415981,-0.5
"TYS_209","label",89,-0.572016308311711,-0.5
"TYS_209","label",90,-0.191964794992744,-0.5
"TYS_209","label",95,-0.812228457540474,-0.5
"TYS_209","label",96,0.0320823934606924,-0.5
"TYS_209","label",97,0.910446300911537,-0.5
"TYS_209","label",98,-0.889202553890268,-0.5
"TYS_209","label",103,0.93695934471134,-0.5
"TYS_209","label",105,-0.289291594910875,-0.5
"TYS_209","label",106,-1.36010227458098,-0.5
"TYS_209","label",111,0.805623717911388,-0.5
"TYS_209","label",112,0.889226179204079,-0.5
"TYS_209","label",113,-0.504148175674107,-0.5
"TYS_209","label",114,0.861358692106515,-0.5
"TYS_209","label",119,-0.717246432288793,-0.5
"TYS_209","label",120,-0.155367921534367,-0.5
"TYS_209","label",121,0.569114824908081,-0.5
"TYS_209","label",122,-0.128125327073547,-0.5
"TYS_209","label",127,-1.36196000856672,-0.5
"TYS_209","label",128,0.210157511978326,-0.5
"TYS_209","label",129,-0.710587830556549,-0.5
"TYS_209","label",130,0.113876254896883,-0.5
"TYS_209","label",135,0.0305451502184446,-0.5
"TYS_209","label",137,-0.712032217929971,-0.5
"TYS_209","label",138,-0.631541619381366,-0.5
"TYS_209","label",143,1.44293796500247,-0.5
"TYS_209","label",144,1.04437709487391,-0.5
"TYS_209","label",145,1.44293796500247,-0.5
"TYS_209","label",146,0.313682166304885,-0.5
"TYS_209","label",151,0.108175804865401,-0.5
"TYS_209","label",152,-0.100676737083996,-0.5
"TYS_209","label",153,0.227684313097654,-0.5
"TYS_209","label",154,0.760542138288381,-0.5
"TYS_209","label",159,0.491142531126953,-0.5
"TYS_209","label",160,-0.255239425625031,-0.5
"TYS_209","label",161,-1.13697562323877,-0.5
"TYS_209","label",162,1.05866352674018,-0.5
"TYS_209","label",167,0.837018213857249,-0.5
"TYS_209","label",168,-0.354844014986587,-0.5
"TYS_209","label",169,-0.813318856450738,-0.5
"TYS_209","label",170,-0.325229611351343,-0.5
"TYS_209","sound",11,0.910446300911537,0.5
"TYS_209","sound",12,0.331495832639585,0.5
"TYS_209","sound",13,-0.240357823440646,0.5
"TYS_209","sound",14,0.599073665999792,0.5
"TYS_209","sound",19,0.683073586789558,0.5
"TYS_209","sound",20,-0.319036336012823,0.5
"TYS_209","sound",21,-0.110823148299191,0.5
"TYS_209","sound",22,-1.36010227458098,0.5
"TYS_209","sound",27,0.402449943538843,0.5
"TYS_209","sound",28,-0.555561454009185,0.5
"TYS_209","sound",29,-0.179027492869197,0.5
"TYS_209","sound",30,0.233669624433048,0.5
"TYS_209","sound",35,-0.802379539978858,0.5
"TYS_209","sound",36,-0.0271674770128586,0.5
"TYS_209","sound",37,-0.485684379371818,0.5
"TYS_209","sound",38,0.233406603583594,0.5
"TYS_209","sound",43,0.45398666952224,0.5
"TYS_209","sound",44,-1.36196000856672,0.5
"TYS_209","sound",45,-1.36196000856672,0.5
"TYS_209","sound",46,-0.858626961922497,0.5
"TYS_209","sound",51,0.284812887171988,0.5
"TYS_209","sound",52,-0.176460158356558,0.5
"TYS_209","sound",53,1.32499908380012,0.5
"TYS_209","sound",54,0.0866821830523441,0.5
"TYS_209","sound",59,0.411272173599738,0.5
"TYS_209","sound",60,0.313682166304885,0.5
"TYS_209","sound",61,1.44293796500247,0.5
"TYS_209","sound",62,0.240489660833745,0.5
"TYS_209","sound",67,0.518366246594876,0.5
"TYS_209","sound",68,0.0044643982960326,0.5
"TYS_209","sound",69,0.896068515132223,0.5
"TYS_209","sound",70,-0.0127554237029496,0.5
"TYS_209","sound",75,0.06961075244319,0.5
"TYS_209","sound",76,-0.394460930511411,0.5
"TYS_209","sound",77,-0.0780484194060013,0.5
"TYS_209","sound",78,-1.13697562323877,0.5
"TYS_209","sound",83,-0.164818258327103,0.5
"TYS_209","sound",85,0.901652824965917,0.5
"TYS_209","sound",86,0.785310524970315,0.5
"TYS_209","sound",91,-0.927441298528552,0.5
"TYS_209","sound",92,-0.0303482100303844,0.5
"TYS_209","sound",93,0.813332028814307,0.5
"TYS_209","sound",94,-0.834575775835576,0.5
"TYS_209","sound",99,-0.816061364748588,0.5
"TYS_209","sound",100,-0.423142929869638,0.5
"TYS_209","sound",101,0.254749314921516,0.5
"TYS_209","sound",102,-0.598445000815631,0.5
"TYS_209","sound",107,0.824202042643097,0.5
"TYS_209","sound",108,-0.830957797090991,0.5
"TYS_209","sound",109,0.889226179204079,0.5
"TYS_209","sound",110,0.192539001764986,0.5
"TYS_209","sound",115,0.497603014448427,0.5
"TYS_209","sound",116,0.832176127670381,0.5
"TYS_209","sound",117,-0.541304676395993,0.5
"TYS_209","sound",123,0.140363028258084,0.5
"TYS_209","sound",124,0.967188991590859,0.5
"TYS_209","sound",125,-0.26571126142606,0.5
"TYS_209","sound",126,0.967188991590859,0.5
"TYS_209","sound",131,-1.10210204166552,0.5
"TYS_209","sound",132,-0.546235343996519,0.5
"TYS_209","sound",133,0.634455306206654,0.5
"TYS_209","sound",134,-0.305451502184452,0.5
"TYS_209","sound",140,-0.48097932166749,0.5
"TYS_209","sound",141,0.0487950036474265,0.5
"TYS_209","sound",142,-0.815573632392701,0.5
"TYS_209","sound",147,0.831015854247179,0.5
"TYS_209","sound",148,0.299114685834173,0.5
"TYS_209","sound",149,0.896068515132223,0.5
"TYS_209","sound",150,0.0329515112326204,0.5
"TYS_209","sound",155,1.27619712812515,0.5
"TYS_209","sound",156,-0.403742364170503,0.5
"TYS_209","sound",157,1.27619712812515,0.5
"TYS_209","sound",158,0.11601792073865,0.5
"TYS_209","sound",163,0.50414996664761,0.5
"TYS_209","sound",164,0.843481674968116,0.5
"TYS_209","sound",165,0.833786483301816,0.5
"TYS_209","sound",166,0.00484759583314991,0.5
"TYS_210","label",15,-0.752635608753537,-0.5
"TYS_210","label",16,-0.0303482100303844,-0.5
"TYS_210","label",17,0.910446300911537,-0.5
"TYS_210","label",18,0.910446300911537,-0.5
"TYS_210","label",24,-0.598445000815631,-0.5
"TYS_210","label",25,0.513816414841703,-0.5
"TYS_210","label",26,0.513816414841703,-0.5
"TYS_210","label",31,-0.110022286722849,-0.5
"TYS_210","label",34,0.192539001764986,-0.5
"TYS_210","label",40,-0.4618471092186,-0.5
"TYS_210","label",41,0.253270995377942,-0.5
"TYS_210","label",42,-1.05777886304905,-0.5
"TYS_210","label",48,-0.0592156525463789,-0.5
"TYS_210","label",49,0.967188991590859,-0.5
"TYS_210","label",50,-0.0592156525463789,-0.5
"TYS_210","label",55,-1.10210204166552,-0.5
"TYS_210","label",56,1.32499908380012,-0.5
"TYS_210","label",63,-0.815573632392701,-0.5
"TYS_210","label",64,-0.48097932166749,-0.5
"TYS_210","label",65,0.313682166304885,-0.5
"TYS_210","label",66,0.313682166304885,-0.5
"TYS_210","label",73,-0.290185889242108,-0.5
"TYS_210","label",74,-0.290185889242108,-0.5
"TYS_210","label",79,-0.255239425625031,-0.5
"TYS_210","label",80,-0.507164053514672,-0.5
"TYS_210","label",81,0.255239425625031,-0.5
"TYS_210","label",87,-0.572016308311711,-0.5
"TYS_210","label",89,-0.897774748299397,-0.5
"TYS_210","label",95,-0.752635608753537,-0.5
"TYS_210","label",96,-0.257352821057661,-0.5
"TYS_210","label",97,0.813332028814307,-0.5
"TYS_210","label",98,0.861889164862922,-0.5
"TYS_210","label",103,-0.884066478477637,-0.5
"TYS_210","label",104,0.136010227458098,-0.5
"TYS_210","label",105,0.349740584892251,-0.5
"TYS_210","label",106,0.513816414841703,-0.5
"TYS_210","label",111,-0.922160482137563,-0.5
"TYS_210","label",112,0.431403176886961,-0.5
"TYS_210","label",113,0.74988874371626,-0.5
"TYS_210","label",114,0.214832991443037,-0.5
"TYS_210","label",119,0.658504587982649,-0.5
"TYS_210","label",120,-0.70021981075078,-0.5
"TYS_210","label",121,0.340674319273075,-0.5
"TYS_210","label",122,-0.175799867379983,-0.5
"TYS_210","label",128,-0.585577008514193,-0.5
"TYS_210","label",129,-0.756644449203733,-0.5
"TYS_210","label",135,-0.132676810794405,-0.5
"TYS_210","label",136,1.32499908380012,-0.5
"TYS_210","label",137,0.664563403401306,-0.5
"TYS_210","label",138,-0.0619158450373892,-0.5
"TYS_210","label",143,-0.815573632392701,-0.5
"TYS_210","label",144,1.44293796500247,-0.5
"TYS_210","label",145,-0.48097932166749,-0.5
"TYS_210","label",146,0.559980756144276,-0.5
"TYS_210","label",151,0.356088911707348,-0.5
"TYS_210","label",152,0.194520211469984,-0.5
"TYS_210","label",153,-0.794025125508624,-0.5
"TYS_210","label",159,-0.255239425625031,-0.5
"TYS_210","label",160,0.206389774787704,-0.5
"TYS_210","label",161,0.11601792073865,-0.5
"TYS_210","label",162,0.552245302715975,-0.5
"TYS_210","label",167,0.0096951916663,-0.5
"TYS_210","label",168,0.901652824965917,-0.5
"TYS_210","label",169,0.901652824965917,-0.5
"TYS_210","label",170,-0.0149834780297367,-0.5
"TYS_210","sound",11,-0.883739876084799,0.5
"TYS_210","sound",12,0.492315407159572,0.5
"TYS_210","sound",13,-0.752635608753537,0.5
"TYS_210","sound",14,-0.971142720972306,0.5
"TYS_210","sound",19,0.93695934471134,0.5
"TYS_210","sound",21,0.245154237146695,0.5
"TYS_210","sound",22,-0.319036336012823,0.5
"TYS_210","sound",27,-0.849198334100305,0.5
"TYS_210","sound",28,-0.922160482137563,0.5
"TYS_210","sound",29,-0.800556902075467,0.5
"TYS_210","sound",30,0.97282864049677,0.5
"TYS_210","sound",35,0.253270995377942,0.5
"TYS_210","sound",36,0.253270995377942,0.5
"TYS_210","sound",37,-1.05777886304905,0.5
"TYS_210","sound",38,-0.4618471092186,0.5
"TYS_210","sound",43,0.45398666952224,0.5
"TYS_210","sound",45,-0.0592156525463789,0.5
"TYS_210","sound",46,0.967188991590859,0.5
"TYS_210","sound",51,-0.160981197097211,0.5
"TYS_210","sound",53,-0.160981197097211,0.5
"TYS_210","sound",54,-0.0619158450373888,0.5
"TYS_210","sound",59,-0.815573632392701,0.5
"TYS_210","sound",62,0.80163220277915,0.5
"TYS_210","sound",67,-1.28510893807219,0.5
"TYS_210","sound",69,-0.78764741365715,0.5
"TYS_210","sound",70,0.896068515132223,0.5
"TYS_210","sound",75,1.27619712812515,0.5
"TYS_210","sound",76,0.11601792073865,0.5
"TYS_210","sound",77,0.11601792073865,0.5
"TYS_210","sound",78,-0.255239425625031,0.5
"TYS_210","sound",83,-0.572016308311711,0.5
"TYS_210","sound",84,-0.775615333304015,0.5
"TYS_210","sound",85,0.785310524970315,0.5
"TYS_210","sound",86,-0.261770174990105,0.5
"TYS_210","sound",91,-0.0303482100303844,0.5
"TYS_210","sound",92,0.813332028814307,0.5
"TYS_210","sound",93,0.368847475753905,0.5
"TYS_210","sound",94,0.856493927524187,0.5
"TYS_210","sound",99,-1.36010227458098,0.5
"TYS_210","sound",100,0.272020454916196,0.5
"TYS_210","sound",101,-0.106793215633766,0.5
"TYS_210","sound",102,0.50374158317814,0.5
"TYS_210","sound",107,0.0861358692106517,0.5
"TYS_210","sound",108,0.74988874371626,0.5
"TYS_210","sound",109,0.97282864049677,0.5
"TYS_210","sound",110,0.97282864049677,0.5
"TYS_210","sound",115,-0.717246432288793,0.5
"TYS_210","sound",116,-0.325634136914496,0.5
"TYS_210","sound",117,0.253270995377942,0.5
"TYS_210","sound",118,-0.859134945105568,0.5
"TYS_210","sound",123,-0.560271174092664,0.5
"TYS_210","sound",124,0.133235218229353,0.5
"TYS_210","sound",125,-0.65137217801017,0.5
"TYS_210","sound",126,0.268444291543585,0.5
"TYS_210","sound",131,0.433410915261721,0.5
"TYS_210","sound",132,-0.160981197097211,0.5
"TYS_210","sound",133,-0.160981197097211,0.5
"TYS_210","sound",134,1.32499908380012,0.5
"TYS_210","sound",139,1.44293796500247,0.5
"TYS_210","sound",140,1.44293796500247,0.5
"TYS_210","sound",142,-0.564627899348793,0.5
"TYS_210","sound",148,-0.0733436862919611,0.5
"TYS_210","sound",149,1.52655665885959e-16,0.5
"TYS_210","sound",150,0.679226312182077,0.5
"TYS_210","sound",158,-0.696107524431902,0.5
"TYS_210","sound",163,0.253460010704705,0.5
"TYS_210","sound",164,0.901652824965917,0.5
"TYS_210","sound",165,0.164818258327103,0.5
"TYS_210","sound",166,0.851791839253516,0.5
"TYS_212","label",16,-0.370248162370692,-0.5
"TYS_212","label",17,0.199746400563622,-0.5
"TYS_212","label",18,-0.33383031033423,-0.5
"TYS_212","label",23,-0.936959344711341,-0.5
"TYS_212","label",24,-0.852330758737414,-0.5
"TYS_212","label",25,0.513816414841703,-0.5
"TYS_212","label",26,0.513816414841703,-0.5
"TYS_212","label",31,-0.0253340791796033,-0.5
"TYS_212","label",32,-0.283741686811558,-0.5
"TYS_212","label",33,-0.922160482137563,-0.5
"TYS_212","label",34,0.196592454433722,-0.5
"TYS_212","label",39,0.317120826145491,-0.5
"TYS_212","label",40,0.525696939986149,-0.5
"TYS_212","label",41,0.198261910408978,-0.5
"TYS_212","label",42,-0.4618471092186,-0.5
"TYS_212","label",47,0.300025972901655,-0.5
"TYS_212","label",48,0.582287250039395,-0.5
"TYS_212","label",49,0.197385508487931,-0.5
"TYS_212","label",55,-0.32278793879492,-0.5
"TYS_212","label",56,-0.698764536850531,-0.5
"TYS_212","label",57,-0.276557441167003,-0.5
"TYS_212","label",58,0.126308323876273,-0.5
"TYS_212","label",63,-0.0884744571629163,-0.5
"TYS_212","label",64,-0.0738895769518173,-0.5
"TYS_212","label",65,0.80163220277915,-0.5
"TYS_212","label",66,0.0302064308293592,-0.5
"TYS_212","label",71,-1.1042138382849,-0.5
"TYS_212","label",72,-0.209015011132427,-0.5
"TYS_212","label",73,0.679226312182077,-0.5
"TYS_212","label",74,0.401795846642919,-0.5
"TYS_212","label",79,0.66362250662508,-0.5
"TYS_212","label",80,-0.0696107524431903,-0.5
"TYS_212","label",81,0.38375158398169,-0.5
"TYS_212","label",82,-0.66710304424724,-0.5
"TYS_212","label",87,0.785310524970315,-0.5
"TYS_212","label",88,0.397502858318307,-0.5
"TYS_212","label",89,0.0595561773787011,-0.5
"TYS_212","label",90,-0.347087861653547,-0.5
"TYS_212","label",95,-0.0461292792461844,-0.5
"TYS_212","label",96,0.813332028814307,-0.5
"TYS_212","label",97,-0.587099917678712,-0.5
"TYS_212","label",98,-0.111529671861663,-0.5
"TYS_212","label",104,0.171272138280567,-0.5
"TYS_212","label",105,-1.36010227458098,-0.5
"TYS_212","label",106,0.93695934471134,-0.5
"TYS_212","label",111,-0.800556902075467,-0.5
"TYS_212","label",112,0.74988874371626,-0.5
"TYS_212","label",113,0.375723881986733,-0.5
"TYS_212","label",114,0.415478898545496,-0.5
"TYS_212","label",119,-0.4618471092186,-0.5
"TYS_212","label",120,0.4618471092186,-0.5
"TYS_212","label",122,-0.0517058433470536,-0.5
"TYS_212","label",127,-0.676493969999543,-0.5
"TYS_212","label",128,0.0429603753767851,-0.5
"TYS_212","label",129,-0.391481258501062,-0.5
"TYS_212","label",130,-1.36196000856672,-0.5
"TYS_212","label",135,0.334345563201899,-0.5
"TYS_212","label",136,-0.51761646451257,-0.5
"TYS_212","label",137,0.169236643102196,-0.5
"TYS_212","label",138,-0.319485760392926,-0.5
"TYS_212","label",143,-0.257916447850683,-0.5
"TYS_212","label",144,0.374095027963604,-0.5
"TYS_212","label",145,-0.139950504966795,-0.5
"TYS_212","label",146,0.230033588623582,-0.5
"TYS_212","label",151,-0.475719324921377,-0.5
"TYS_212","label",152,-1.01246175642164,-0.5
"TYS_212","label",153,0.169009364064085,-0.5
"TYS_212","label",154,-0.216596906340474,-0.5
"TYS_212","label",159,-0.896502114798662,-0.5
"TYS_212","label",160,-0.1539874220713,-0.5
"TYS_212","label",161,-0.332584706117464,-0.5
"TYS_212","label",162,1.27619712812515,-0.5
"TYS_212","label",167,0.617260536087778,-0.5
"TYS_212","label",169,-0.220006272427581,-0.5
"TYS_212","label",170,-0.0630187458309514,-0.5
"TYS_212","sound",11,-0.971142720972306,0.5
"TYS_212","sound",12,0.249212360014217,0.5
"TYS_212","sound",13,-0.861889164862922,0.5
"TYS_212","sound",14,0.391491909391961,0.5
"TYS_212","sound",19,0.349740584892251,0.5
"TYS_212","sound",20,-0.0906734849720654,0.5
"TYS_212","sound",21,-0.169722164178482,0.5
"TYS_212","sound",27,-0.219139784903569,0.5
"TYS_212","sound",28,0.378322249082077,0.5
"TYS_212","sound",29,-0.582683821130878,0.5
"TYS_212","sound",30,0.97282864049677,0.5
"TYS_212","sound",35,-0.0717826885295768,0.5
"TYS_212","sound",36,-0.475090037081499,0.5
"TYS_212","sound",37,0.352592954349684,0.5
"TYS_212","sound",38,-0.786900793126119,0.5
"TYS_212","sound",43,-0.353100742961742,0.5
"TYS_212","sound",44,0.160728199768744,0.5
"TYS_212","sound",45,-0.585577008514193,0.5
"TYS_212","sound",46,0.45398666952224,0.5
"TYS_212","sound",51,-0.443317450467704,0.5
"TYS_212","sound",52,0.36736734722184,0.5
"TYS_212","sound",53,0.111448521067299,0.5
"TYS_212","sound",54,-1.10210204166552,0.5
"TYS_212","sound",59,0.313682166304885,0.5
"TYS_212","sound",60,-0.533810002308313,0.5
"TYS_212","sound",61,-0.167297155362605,0.5
"TYS_212","sound",62,0.313682166304885,0.5
"TYS_212","sound",68,0.218208855489748,0.5
"TYS_212","sound",69,0.803136142439303,0.5
"TYS_212","sound",70,0.105232245549336,0.5
"TYS_212","sound",75,-0.510478851250062,0.5
"TYS_212","sound",76,0.986152326278528,0.5
"TYS_212","sound",77,0.11601792073865,0.5
"TYS_212","sound",78,-0.137112088145678,0.5
"TYS_212","sound",83,0.164818258327103,0.5
"TYS_212","sound",84,0.901652824965917,0.5
"TYS_212","sound",85,-0.952067821630678,0.5
"TYS_212","sound",91,-0.26908746226941,0.5
"TYS_212","sound",92,-0.971142720972306,0.5
"TYS_212","sound",93,-0.484467789212321,0.5
"TYS_212","sound",94,0.250878536251179,0.5
"TYS_212","sound",99,-0.272020454916196,0.5
"TYS_212","sound",100,0.513816414841703,0.5
"TYS_212","sound",101,-0.0906734849720654,0.5
"TYS_212","sound",102,-0.936959344711341,0.5
"TYS_212","sound",107,-0.128973494005253,0.5
"TYS_212","sound",108,-0.856681631334896,0.5
"TYS_212","sound",109,0.44354126317521,0.5
"TYS_212","sound",110,0.284755049978742,0.5
"TYS_212","sound",115,0.366184380314238,0.5
"TYS_212","sound",116,0.0744914692288067,0.5
"TYS_212","sound",117,-0.4618471092186,0.5
"TYS_212","sound",118,0.253270995377942,0.5
"TYS_212","sound",123,-0.0592156525463789,0.5
"TYS_212","sound",124,-0.488529133507628,0.5
"TYS_212","sound",126,-0.488529133507628,0.5
"TYS_212","sound",132,0.829672323501009,0.5
"TYS_212","sound",133,0.708592448761227,0.5
"TYS_212","sound",134,0.631541619381365,0.5
"TYS_212","sound",139,0.554976140385566,0.5
"TYS_212","sound",140,0.271857877464234,0.5
"TYS_212","sound",141,0.295757471087463,0.5
"TYS_212","sound",142,0.690100765870747,0.5
"TYS_212","sound",147,0.153065084435398,0.5
"TYS_212","sound",148,0.679226312182077,0.5
"TYS_212","sound",149,0.241715279170899,0.5
"TYS_212","sound",150,-0.392229278865706,0.5
"TYS_212","sound",155,0.66362250662508,0.5
"TYS_212","sound",156,-0.259880142454577,0.5
"TYS_212","sound",157,-0.29320892695768,0.5
"TYS_212","sound",158,0.74884294294947,0.5
"TYS_212","sound",163,0.901652824965917,0.5
"TYS_212","sound",164,0.151891336105369,0.5
"TYS_212","sound",165,0.901652824965917,0.5
"TYS_212","sound",166,-0.436283624983509,0.5
